ts,label,in_file,out_file,video_id_norm,in_fps,in_frames,in_w,in_h,out_fps,out_frames,out_w,out_h,dur_in_s,dur_out_s,status,error
2025-09-22T23:26:54.968144,rojo,C:\Users\cesar\Desktop\projects\NEUROLAP_Vision_Artificial\Videos\training-videos\rojo\IMG_8224.MOV,C:\Users\cesar\Desktop\projects\NEUROLAP_Vision_Artificial\Videos\processed-videos\rojo\IMG_8224_15fps.mp4,IMG_8224_15fps,29.9942,781,1920,1080,15.0000,390,640,360,26.038,26.000,stretch,ok,
2025-09-22T23:26:55.747055,rojo,C:\Users\cesar\Desktop\projects\NEUROLAP_Vision_Artificial\Videos\training-videos\rojo\IMG_8225.MOV,C:\Users\cesar\Desktop\projects\NEUROLAP_Vision_Artificial\Videos\processed-videos\rojo\IMG_8225_15fps.mp4,IMG_8225_15fps,30.0000,99,1920,1080,15.0000,49,640,360,3.300,3.267,stretch,ok,
2025-09-22T23:27:03.555503,rojo,C:\Users\cesar\Desktop\projects\NEUROLAP_Vision_Artificial\Videos\training-videos\rojo\IMG_8226.MOV,C:\Users\cesar\Desktop\projects\NEUROLAP_Vision_Artificial\Videos\processed-videos\rojo\IMG_8226_15fps.mp4,IMG_8226_15fps,29.9937,713,1920,1080,15.0000,356,640,360,23.772,23.733,stretch,ok,
2025-09-22T23:27:14.813373,rojo,C:\Users\cesar\Desktop\projects\NEUROLAP_Vision_Artificial\Videos\training-videos\rojo\IMG_8227.MOV,C:\Users\cesar\Desktop\projects\NEUROLAP_Vision_Artificial\Videos\processed-videos\rojo\IMG_8227_15fps.mp4,IMG_8227_15fps,29.9943,789,1920,1080,15.0000,394,640,360,26.305,26.267,stretch,ok,
2025-09-22T23:27:21.866259,rojo,C:\Users\cesar\Desktop\projects\NEUROLAP_Vision_Artificial\Videos\training-videos\rojo\IMG_8234.MOV,C:\Users\cesar\Desktop\projects\NEUROLAP_Vision_Artificial\Videos\processed-videos\rojo\IMG_8234_15fps.mp4,IMG_8234_15fps,29.9942,518,1920,1080,15.0000,259,640,360,17.270,17.267,stretch,ok,
2025-09-22T23:27:28.103797,rojo,C:\Users\cesar\Desktop\projects\NEUROLAP_Vision_Artificial\Videos\training-videos\rojo\IMG_8235.MOV,C:\Users\cesar\Desktop\projects\NEUROLAP_Vision_Artificial\Videos\processed-videos\rojo\IMG_8235_15fps.mp4,IMG_8235_15fps,29.9935,462,1920,1080,15.0000,231,640,360,15.403,15.400,stretch,ok,
2025-09-22T23:27:34.121007,rojo,C:\Users\cesar\Desktop\projects\NEUROLAP_Vision_Artificial\Videos\training-videos\rojo\IMG_8236.MOV,C:\Users\cesar\Desktop\projects\NEUROLAP_Vision_Artificial\Videos\processed-videos\rojo\IMG_8236_15fps.mp4,IMG_8236_15fps,29.9933,449,1920,1080,15.0000,224,640,360,14.970,14.933,stretch,ok,
2025-09-22T23:27:44.847787,rojo,C:\Users\cesar\Desktop\projects\NEUROLAP_Vision_Artificial\Videos\training-videos\rojo\IMG_8237.MOV,C:\Users\cesar\Desktop\projects\NEUROLAP_Vision_Artificial\Videos\processed-videos\rojo\IMG_8237_15fps.mp4,IMG_8237_15fps,29.9943,788,1920,1080,15.0000,394,640,360,26.272,26.267,stretch,ok,
2025-09-22T23:27:50.251621,rojo,C:\Users\cesar\Desktop\projects\NEUROLAP_Vision_Artificial\Videos\training-videos\rojo\IMG_8238.MOV,C:\Users\cesar\Desktop\projects\NEUROLAP_Vision_Artificial\Videos\processed-videos\rojo\IMG_8238_15fps.mp4,IMG_8238_15fps,29.9962,397,1920,1080,15.0000,198,640,360,13.235,13.200,stretch,ok,
2025-09-22T23:27:57.385959,rojo,C:\Users\cesar\Desktop\projects\NEUROLAP_Vision_Artificial\Videos\training-videos\rojo\IMG_8242.MOV,C:\Users\cesar\Desktop\projects\NEUROLAP_Vision_Artificial\Videos\processed-videos\rojo\IMG_8242_15fps.mp4,IMG_8242_15fps,29.9943,530,1920,1080,15.0000,265,640,360,17.670,17.667,stretch,ok,
2025-09-22T23:28:04.099438,rojo,C:\Users\cesar\Desktop\projects\NEUROLAP_Vision_Artificial\Videos\training-videos\rojo\IMG_8243.MOV,C:\Users\cesar\Desktop\projects\NEUROLAP_Vision_Artificial\Videos\processed-videos\rojo\IMG_8243_15fps.mp4,IMG_8243_15fps,29.9937,477,1920,1080,15.0000,238,640,360,15.903,15.867,stretch,ok,
2025-09-22T23:28:08.139729,rojo,C:\Users\cesar\Desktop\projects\NEUROLAP_Vision_Artificial\Videos\training-videos\rojo\IMG_8244.MOV,C:\Users\cesar\Desktop\projects\NEUROLAP_Vision_Artificial\Videos\processed-videos\rojo\IMG_8244_15fps.mp4,IMG_8244_15fps,29.9938,482,1920,1080,15.0000,241,640,360,16.070,16.067,stretch,ok,
2025-09-22T23:28:15.835503,rojo,C:\Users\cesar\Desktop\projects\NEUROLAP_Vision_Artificial\Videos\training-videos\rojo\IMG_8310.MOV,C:\Users\cesar\Desktop\projects\NEUROLAP_Vision_Artificial\Videos\processed-videos\rojo\IMG_8310_15fps.mp4,IMG_8310_15fps,29.9938,967,1920,1080,15.0000,483,640,360,32.240,32.200,stretch,ok,
2025-09-22T23:28:24.399564,rojo,C:\Users\cesar\Desktop\projects\NEUROLAP_Vision_Artificial\Videos\training-videos\rojo\IMG_8313.MOV,C:\Users\cesar\Desktop\projects\NEUROLAP_Vision_Artificial\Videos\processed-videos\rojo\IMG_8313_15fps.mp4,IMG_8313_15fps,29.9948,861,1920,1080,15.0000,430,640,360,28.705,28.667,stretch,ok,
2025-09-22T23:28:33.443863,rojo,C:\Users\cesar\Desktop\projects\NEUROLAP_Vision_Artificial\Videos\training-videos\rojo\IMG_8314.MOV,C:\Users\cesar\Desktop\projects\NEUROLAP_Vision_Artificial\Videos\processed-videos\rojo\IMG_8314_15fps.mp4,IMG_8314_15fps,29.9952,931,1920,1080,15.0000,465,640,360,31.038,31.000,stretch,ok,
2025-09-22T23:28:41.239449,rojo,C:\Users\cesar\Desktop\projects\NEUROLAP_Vision_Artificial\Videos\training-videos\rojo\IMG_8315.MOV,C:\Users\cesar\Desktop\projects\NEUROLAP_Vision_Artificial\Videos\processed-videos\rojo\IMG_8315_15fps.mp4,IMG_8315_15fps,29.9949,585,1920,1080,15.0000,292,640,360,19.503,19.467,stretch,ok,
2025-09-22T23:28:47.581520,rojo,C:\Users\cesar\Desktop\projects\NEUROLAP_Vision_Artificial\Videos\training-videos\rojo\IMG_8347.MOV,C:\Users\cesar\Desktop\projects\NEUROLAP_Vision_Artificial\Videos\processed-videos\rojo\IMG_8347_15fps.mp4,IMG_8347_15fps,29.9951,611,1920,1080,15.0000,305,640,360,20.370,20.333,stretch,ok,
2025-09-22T23:28:57.102357,rojo,C:\Users\cesar\Desktop\projects\NEUROLAP_Vision_Artificial\Videos\training-videos\rojo\IMG_8348.MOV,C:\Users\cesar\Desktop\projects\NEUROLAP_Vision_Artificial\Videos\processed-videos\rojo\IMG_8348_15fps.mp4,IMG_8348_15fps,29.9942,771,1920,1080,15.0000,385,640,360,25.705,25.667,stretch,ok,
2025-09-22T23:29:13.916920,rojo,C:\Users\cesar\Desktop\projects\NEUROLAP_Vision_Artificial\Videos\training-videos\rojo\IMG_8349.MOV,C:\Users\cesar\Desktop\projects\NEUROLAP_Vision_Artificial\Videos\processed-videos\rojo\IMG_8349_15fps.mp4,IMG_8349_15fps,29.9939,1227,1920,1080,15.0000,613,640,360,40.908,40.867,stretch,ok,
2025-09-22T23:29:26.231069,rojo,C:\Users\cesar\Desktop\projects\NEUROLAP_Vision_Artificial\Videos\training-videos\rojo\IMG_8355.MOV,C:\Users\cesar\Desktop\projects\NEUROLAP_Vision_Artificial\Videos\processed-videos\rojo\IMG_8355_15fps.mp4,IMG_8355_15fps,29.9950,891,1920,1080,15.0000,445,640,360,29.705,29.667,stretch,ok,
2025-09-22T23:29:35.714264,rojo,C:\Users\cesar\Desktop\projects\NEUROLAP_Vision_Artificial\Videos\training-videos\rojo\IMG_8356.MOV,C:\Users\cesar\Desktop\projects\NEUROLAP_Vision_Artificial\Videos\processed-videos\rojo\IMG_8356_15fps.mp4,IMG_8356_15fps,29.9935,692,1920,1080,15.0000,346,640,360,23.072,23.067,stretch,ok,
2025-09-22T23:29:49.276545,rojo,C:\Users\cesar\Desktop\projects\NEUROLAP_Vision_Artificial\Videos\training-videos\rojo\IMG_8360.MOV,C:\Users\cesar\Desktop\projects\NEUROLAP_Vision_Artificial\Videos\processed-videos\rojo\IMG_8360_15fps.mp4,IMG_8360_15fps,29.9943,1045,1920,1080,15.0000,522,640,360,34.840,34.800,stretch,ok,
2025-09-22T23:29:59.666807,rojo,C:\Users\cesar\Desktop\projects\NEUROLAP_Vision_Artificial\Videos\training-videos\rojo\IMG_8361.MOV,C:\Users\cesar\Desktop\projects\NEUROLAP_Vision_Artificial\Videos\processed-videos\rojo\IMG_8361_15fps.mp4,IMG_8361_15fps,29.9940,1002,1920,1080,15.0000,501,640,360,33.407,33.400,stretch,ok,
2025-09-22T23:30:09.753823,rojo,C:\Users\cesar\Desktop\projects\NEUROLAP_Vision_Artificial\Videos\training-videos\rojo\IMG_8362.MOV,C:\Users\cesar\Desktop\projects\NEUROLAP_Vision_Artificial\Videos\processed-videos\rojo\IMG_8362_15fps.mp4,IMG_8362_15fps,29.9937,959,1920,1080,15.0000,479,640,360,31.973,31.933,stretch,ok,
2025-09-22T23:30:19.144947,rojo,C:\Users\cesar\Desktop\projects\NEUROLAP_Vision_Artificial\Videos\training-videos\rojo\IMG_8363.MOV,C:\Users\cesar\Desktop\projects\NEUROLAP_Vision_Artificial\Videos\processed-videos\rojo\IMG_8363_15fps.mp4,IMG_8363_15fps,29.9949,885,1920,1080,15.0000,442,640,360,29.505,29.467,stretch,ok,
2025-09-22T23:30:26.377096,rojo,C:\Users\cesar\Desktop\projects\NEUROLAP_Vision_Artificial\Videos\training-videos\rojo\IMG_8364.MOV,C:\Users\cesar\Desktop\projects\NEUROLAP_Vision_Artificial\Videos\processed-videos\rojo\IMG_8364_15fps.mp4,IMG_8364_15fps,29.9934,680,1920,1080,15.0000,340,640,360,22.672,22.667,stretch,ok,
2025-09-22T23:30:34.062223,rojo,C:\Users\cesar\Desktop\projects\NEUROLAP_Vision_Artificial\Videos\training-videos\rojo\IMG_8365.MOV,C:\Users\cesar\Desktop\projects\NEUROLAP_Vision_Artificial\Videos\processed-videos\rojo\IMG_8365_15fps.mp4,IMG_8365_15fps,29.9937,712,1920,1080,15.0000,356,640,360,23.738,23.733,stretch,ok,
2025-09-22T23:30:39.658777,rojo,C:\Users\cesar\Desktop\projects\NEUROLAP_Vision_Artificial\Videos\training-videos\rojo\IMG_8382.MOV,C:\Users\cesar\Desktop\projects\NEUROLAP_Vision_Artificial\Videos\processed-videos\rojo\IMG_8382_15fps.mp4,IMG_8382_15fps,29.9941,507,1920,1080,15.0000,253,640,360,16.903,16.867,stretch,ok,
2025-09-22T23:31:43.795331,rojo,C:\Users\cesar\Desktop\projects\NEUROLAP_Vision_Artificial\Videos\training-videos\rojo\VID_20250820_101845.mp4,C:\Users\cesar\Desktop\projects\NEUROLAP_Vision_Artificial\Videos\processed-videos\rojo\VID_20250820_101845_15fps.mp4,VID_20250820_101845_15fps,60.0029,2233,3840,2160,15.0000,558,640,360,37.215,37.200,stretch,ok,
2025-09-22T23:32:10.250895,rojo,C:\Users\cesar\Desktop\projects\NEUROLAP_Vision_Artificial\Videos\training-videos\rojo\VID_20250820_101943.mp4,C:\Users\cesar\Desktop\projects\NEUROLAP_Vision_Artificial\Videos\processed-videos\rojo\VID_20250820_101943_15fps.mp4,VID_20250820_101943_15fps,60.0029,1473,3840,2160,15.0000,368,640,360,24.549,24.533,stretch,ok,
2025-09-22T23:32:33.959893,rojo,C:\Users\cesar\Desktop\projects\NEUROLAP_Vision_Artificial\Videos\training-videos\rojo\VID_20250820_103040.mp4,C:\Users\cesar\Desktop\projects\NEUROLAP_Vision_Artificial\Videos\processed-videos\rojo\VID_20250820_103040_15fps.mp4,VID_20250820_103040_15fps,60.0028,1909,3840,2160,15.0000,477,640,360,31.815,31.800,stretch,ok,
2025-09-22T23:32:45.348998,rojo,C:\Users\cesar\Desktop\projects\NEUROLAP_Vision_Artificial\Videos\training-videos\rojo\VID_20250820_110522.mp4,C:\Users\cesar\Desktop\projects\NEUROLAP_Vision_Artificial\Videos\processed-videos\rojo\VID_20250820_110522_15fps.mp4,VID_20250820_110522_15fps,60.0031,909,3840,2160,15.0000,227,640,360,15.149,15.133,stretch,ok,
2025-09-22T23:32:58.276795,rojo,C:\Users\cesar\Desktop\projects\NEUROLAP_Vision_Artificial\Videos\training-videos\rojo\VID_20250820_110611.mp4,C:\Users\cesar\Desktop\projects\NEUROLAP_Vision_Artificial\Videos\processed-videos\rojo\VID_20250820_110611_15fps.mp4,VID_20250820_110611_15fps,60.0034,1035,3840,2160,15.0000,258,640,360,17.249,17.200,stretch,ok,
2025-09-22T23:33:10.014813,rojo,C:\Users\cesar\Desktop\projects\NEUROLAP_Vision_Artificial\Videos\training-videos\rojo\VID_20250820_110636.mp4,C:\Users\cesar\Desktop\projects\NEUROLAP_Vision_Artificial\Videos\processed-videos\rojo\VID_20250820_110636_15fps.mp4,VID_20250820_110636_15fps,60.0030,938,3840,2160,15.0000,234,640,360,15.633,15.600,stretch,ok,
2025-09-22T23:33:21.403533,rojo,C:\Users\cesar\Desktop\projects\NEUROLAP_Vision_Artificial\Videos\training-videos\rojo\VID_20250820_111306.mp4,C:\Users\cesar\Desktop\projects\NEUROLAP_Vision_Artificial\Videos\processed-videos\rojo\VID_20250820_111306_15fps.mp4,VID_20250820_111306_15fps,60.0036,914,3840,2160,15.0000,228,640,360,15.232,15.200,stretch,ok,
2025-09-22T23:33:28.969062,rojo,C:\Users\cesar\Desktop\projects\NEUROLAP_Vision_Artificial\Videos\training-videos\rojo\VID_20250820_111335.mp4,C:\Users\cesar\Desktop\projects\NEUROLAP_Vision_Artificial\Videos\processed-videos\rojo\VID_20250820_111335_15fps.mp4,VID_20250820_111335_15fps,60.0026,604,3840,2160,15.0000,150,640,360,10.066,10.000,stretch,ok,
2025-09-22T23:33:48.200243,rojo,C:\Users\cesar\Desktop\projects\NEUROLAP_Vision_Artificial\Videos\training-videos\rojo\VID_20250820_112631.mp4,C:\Users\cesar\Desktop\projects\NEUROLAP_Vision_Artificial\Videos\processed-videos\rojo\VID_20250820_112631_15fps.mp4,VID_20250820_112631_15fps,60.0032,1545,3840,2160,15.0000,386,640,360,25.749,25.733,stretch,ok,
2025-09-22T23:34:04.464582,rojo,C:\Users\cesar\Desktop\projects\NEUROLAP_Vision_Artificial\Videos\training-videos\rojo\VID_20250820_112703.mp4,C:\Users\cesar\Desktop\projects\NEUROLAP_Vision_Artificial\Videos\processed-videos\rojo\VID_20250820_112703_15fps.mp4,VID_20250820_112703_15fps,60.0039,1301,3840,2160,15.0000,325,640,360,21.682,21.667,stretch,ok,
2025-09-22T23:34:19.068843,rojo,C:\Users\cesar\Desktop\projects\NEUROLAP_Vision_Artificial\Videos\training-videos\rojo\VID_20250820_112728.mp4,C:\Users\cesar\Desktop\projects\NEUROLAP_Vision_Artificial\Videos\processed-videos\rojo\VID_20250820_112728_15fps.mp4,VID_20250820_112728_15fps,60.0029,1170,3840,2160,15.0000,292,640,360,19.499,19.467,stretch,ok,
2025-09-22T23:34:26.278895,amarillo,C:\Users\cesar\Desktop\projects\NEUROLAP_Vision_Artificial\Videos\training-videos\amarillo\IMG_8222.MOV,C:\Users\cesar\Desktop\projects\NEUROLAP_Vision_Artificial\Videos\processed-videos\amarillo\IMG_8222_15fps.mp4,IMG_8222_15fps,29.9941,1017,1920,1080,15.0000,508,640,360,33.907,33.867,stretch,ok,
2025-09-22T23:34:32.112468,amarillo,C:\Users\cesar\Desktop\projects\NEUROLAP_Vision_Artificial\Videos\training-videos\amarillo\IMG_8223.MOV,C:\Users\cesar\Desktop\projects\NEUROLAP_Vision_Artificial\Videos\processed-videos\amarillo\IMG_8223_15fps.mp4,IMG_8223_15fps,29.9945,822,1920,1080,15.0000,411,640,360,27.405,27.400,stretch,ok,
2025-09-22T23:34:37.451135,amarillo,C:\Users\cesar\Desktop\projects\NEUROLAP_Vision_Artificial\Videos\training-videos\amarillo\IMG_8308.MOV,C:\Users\cesar\Desktop\projects\NEUROLAP_Vision_Artificial\Videos\processed-videos\amarillo\IMG_8308_15fps.mp4,IMG_8308_15fps,29.9942,771,1920,1080,15.0000,385,640,360,25.705,25.667,stretch,ok,
2025-09-22T23:34:42.077623,amarillo,C:\Users\cesar\Desktop\projects\NEUROLAP_Vision_Artificial\Videos\training-videos\amarillo\IMG_8309.MOV,C:\Users\cesar\Desktop\projects\NEUROLAP_Vision_Artificial\Videos\processed-videos\amarillo\IMG_8309_15fps.mp4,IMG_8309_15fps,29.9955,663,1920,1080,15.0000,331,640,360,22.103,22.067,stretch,ok,
2025-09-22T23:34:48.369879,amarillo,C:\Users\cesar\Desktop\projects\NEUROLAP_Vision_Artificial\Videos\training-videos\amarillo\IMG_8311.MOV,C:\Users\cesar\Desktop\projects\NEUROLAP_Vision_Artificial\Videos\processed-videos\amarillo\IMG_8311_15fps.mp4,IMG_8311_15fps,29.9950,898,1920,1080,15.0000,449,640,360,29.938,29.933,stretch,ok,
2025-09-22T23:34:53.353948,amarillo,C:\Users\cesar\Desktop\projects\NEUROLAP_Vision_Artificial\Videos\training-videos\amarillo\IMG_8316.MOV,C:\Users\cesar\Desktop\projects\NEUROLAP_Vision_Artificial\Videos\processed-videos\amarillo\IMG_8316_15fps.mp4,IMG_8316_15fps,29.9937,711,1920,1080,15.0000,355,640,360,23.705,23.667,stretch,ok,
2025-09-22T23:35:00.119167,amarillo,C:\Users\cesar\Desktop\projects\NEUROLAP_Vision_Artificial\Videos\training-videos\amarillo\IMG_8319.MOV,C:\Users\cesar\Desktop\projects\NEUROLAP_Vision_Artificial\Videos\processed-videos\amarillo\IMG_8319_15fps.mp4,IMG_8319_15fps,29.9939,981,1920,1080,15.0000,490,640,360,32.707,32.667,stretch,ok,
2025-09-22T23:35:20.386008,amarillo,C:\Users\cesar\Desktop\projects\NEUROLAP_Vision_Artificial\Videos\training-videos\amarillo\VID_20250820_102035.mp4,C:\Users\cesar\Desktop\projects\NEUROLAP_Vision_Artificial\Videos\processed-videos\amarillo\VID_20250820_102035_15fps.mp4,VID_20250820_102035_15fps,60.0029,1657,3840,2160,15.0000,414,640,360,27.615,27.600,stretch,ok,
2025-09-22T23:35:47.430895,amarillo,C:\Users\cesar\Desktop\projects\NEUROLAP_Vision_Artificial\Videos\training-videos\amarillo\VID_20250820_104712.mp4,C:\Users\cesar\Desktop\projects\NEUROLAP_Vision_Artificial\Videos\processed-videos\amarillo\VID_20250820_104712_15fps.mp4,VID_20250820_104712_15fps,60.0030,2204,3840,2160,15.0000,550,640,360,36.731,36.667,stretch,ok,
2025-09-22T23:36:10.712344,amarillo,C:\Users\cesar\Desktop\projects\NEUROLAP_Vision_Artificial\Videos\training-videos\amarillo\VID_20250820_111701.mp4,C:\Users\cesar\Desktop\projects\NEUROLAP_Vision_Artificial\Videos\processed-videos\amarillo\VID_20250820_111701_15fps.mp4,VID_20250820_111701_15fps,60.0035,1906,3840,2160,15.0000,476,640,360,31.765,31.733,stretch,ok,
2025-09-22T23:36:23.898835,amarillo,C:\Users\cesar\Desktop\projects\NEUROLAP_Vision_Artificial\Videos\training-videos\amarillo\VID_20250820_112316.mp4,C:\Users\cesar\Desktop\projects\NEUROLAP_Vision_Artificial\Videos\processed-videos\amarillo\VID_20250820_112316_15fps.mp4,VID_20250820_112316_15fps,60.0031,966,3840,2160,15.0000,241,640,360,16.099,16.067,stretch,ok,
2025-09-22T23:36:31.426582,verde,C:\Users\cesar\Desktop\projects\NEUROLAP_Vision_Artificial\Videos\training-videos\verde\IMG_8216.MOV,C:\Users\cesar\Desktop\projects\NEUROLAP_Vision_Artificial\Videos\processed-videos\verde\IMG_8216_15fps.mp4,IMG_8216_15fps,29.9933,674,1920,1080,15.0000,337,640,360,22.472,22.467,stretch,ok,
2025-09-22T23:36:38.024435,verde,C:\Users\cesar\Desktop\projects\NEUROLAP_Vision_Artificial\Videos\training-videos\verde\IMG_8217.MOV,C:\Users\cesar\Desktop\projects\NEUROLAP_Vision_Artificial\Videos\processed-videos\verde\IMG_8217_15fps.mp4,IMG_8217_15fps,29.9950,597,1920,1080,15.0000,298,640,360,19.903,19.867,stretch,ok,
2025-09-22T23:36:43.905683,verde,C:\Users\cesar\Desktop\projects\NEUROLAP_Vision_Artificial\Videos\training-videos\verde\IMG_8218.MOV,C:\Users\cesar\Desktop\projects\NEUROLAP_Vision_Artificial\Videos\processed-videos\verde\IMG_8218_15fps.mp4,IMG_8218_15fps,29.9945,545,1920,1080,15.0000,272,640,360,18.170,18.133,stretch,ok,
2025-09-22T23:36:48.642553,verde,C:\Users\cesar\Desktop\projects\NEUROLAP_Vision_Artificial\Videos\training-videos\verde\IMG_8219.MOV,C:\Users\cesar\Desktop\projects\NEUROLAP_Vision_Artificial\Videos\processed-videos\verde\IMG_8219_15fps.mp4,IMG_8219_15fps,29.9927,413,1920,1080,15.0000,206,640,360,13.770,13.733,stretch,ok,
2025-09-22T23:36:52.663015,verde,C:\Users\cesar\Desktop\projects\NEUROLAP_Vision_Artificial\Videos\training-videos\verde\IMG_8220.MOV,C:\Users\cesar\Desktop\projects\NEUROLAP_Vision_Artificial\Videos\processed-videos\verde\IMG_8220_15fps.mp4,IMG_8220_15fps,29.9959,369,1920,1080,15.0000,184,640,360,12.302,12.267,stretch,ok,
2025-09-22T23:36:58.014869,verde,C:\Users\cesar\Desktop\projects\NEUROLAP_Vision_Artificial\Videos\training-videos\verde\IMG_8221.MOV,C:\Users\cesar\Desktop\projects\NEUROLAP_Vision_Artificial\Videos\processed-videos\verde\IMG_8221_15fps.mp4,IMG_8221_15fps,29.9937,474,1920,1080,15.0000,237,640,360,15.803,15.800,stretch,ok,
2025-09-22T23:37:10.677749,verde,C:\Users\cesar\Desktop\projects\NEUROLAP_Vision_Artificial\Videos\training-videos\verde\IMG_8228.MOV,C:\Users\cesar\Desktop\projects\NEUROLAP_Vision_Artificial\Videos\processed-videos\verde\IMG_8228_15fps.mp4,IMG_8228_15fps,29.9946,1114,1920,1080,15.0000,557,640,360,37.140,37.133,stretch,ok,
2025-09-22T23:37:24.171699,verde,C:\Users\cesar\Desktop\projects\NEUROLAP_Vision_Artificial\Videos\training-videos\verde\IMG_8229.MOV,C:\Users\cesar\Desktop\projects\NEUROLAP_Vision_Artificial\Videos\processed-videos\verde\IMG_8229_15fps.mp4,IMG_8229_15fps,29.9949,1187,1920,1080,15.0000,593,640,360,39.573,39.533,stretch,ok,
2025-09-22T23:37:34.981002,verde,C:\Users\cesar\Desktop\projects\NEUROLAP_Vision_Artificial\Videos\training-videos\verde\IMG_8230.MOV,C:\Users\cesar\Desktop\projects\NEUROLAP_Vision_Artificial\Videos\processed-videos\verde\IMG_8230_15fps.mp4,IMG_8230_15fps,29.9938,971,1920,1080,15.0000,485,640,360,32.373,32.333,stretch,ok,
2025-09-22T23:37:43.436991,verde,C:\Users\cesar\Desktop\projects\NEUROLAP_Vision_Artificial\Videos\training-videos\verde\IMG_8231.MOV,C:\Users\cesar\Desktop\projects\NEUROLAP_Vision_Artificial\Videos\processed-videos\verde\IMG_8231_15fps.mp4,IMG_8231_15fps,29.9940,751,1920,1080,15.0000,375,640,360,25.038,25.000,stretch,ok,
2025-09-22T23:37:50.971780,verde,C:\Users\cesar\Desktop\projects\NEUROLAP_Vision_Artificial\Videos\training-videos\verde\IMG_8232.MOV,C:\Users\cesar\Desktop\projects\NEUROLAP_Vision_Artificial\Videos\processed-videos\verde\IMG_8232_15fps.mp4,IMG_8232_15fps,29.9934,677,1920,1080,15.0000,338,640,360,22.572,22.533,stretch,ok,
2025-09-22T23:37:57.511018,verde,C:\Users\cesar\Desktop\projects\NEUROLAP_Vision_Artificial\Videos\training-videos\verde\IMG_8233.MOV,C:\Users\cesar\Desktop\projects\NEUROLAP_Vision_Artificial\Videos\processed-videos\verde\IMG_8233_15fps.mp4,IMG_8233_15fps,29.9949,583,1920,1080,15.0000,291,640,360,19.437,19.400,stretch,ok,
2025-09-22T23:38:07.744423,verde,C:\Users\cesar\Desktop\projects\NEUROLAP_Vision_Artificial\Videos\training-videos\verde\IMG_8239.MOV,C:\Users\cesar\Desktop\projects\NEUROLAP_Vision_Artificial\Videos\processed-videos\verde\IMG_8239_15fps.mp4,IMG_8239_15fps,29.9951,911,1920,1080,15.0000,455,640,360,30.372,30.333,stretch,ok,
2025-09-22T23:38:16.380235,verde,C:\Users\cesar\Desktop\projects\NEUROLAP_Vision_Artificial\Videos\training-videos\verde\IMG_8240.MOV,C:\Users\cesar\Desktop\projects\NEUROLAP_Vision_Artificial\Videos\processed-videos\verde\IMG_8240_15fps.mp4,IMG_8240_15fps,29.9942,773,1920,1080,15.0000,386,640,360,25.772,25.733,stretch,ok,
2025-09-22T23:38:27.295291,verde,C:\Users\cesar\Desktop\projects\NEUROLAP_Vision_Artificial\Videos\training-videos\verde\IMG_8241.MOV,C:\Users\cesar\Desktop\projects\NEUROLAP_Vision_Artificial\Videos\processed-videos\verde\IMG_8241_15fps.mp4,IMG_8241_15fps,29.8622,964,1920,1080,15.0000,484,640,360,32.282,32.267,stretch,ok,
2025-09-22T23:38:35.186801,verde,C:\Users\cesar\Desktop\projects\NEUROLAP_Vision_Artificial\Videos\training-videos\verde\IMG_8307.MOV,C:\Users\cesar\Desktop\projects\NEUROLAP_Vision_Artificial\Videos\processed-videos\verde\IMG_8307_15fps.mp4,IMG_8307_15fps,29.9939,733,1920,1080,15.0000,366,640,360,24.438,24.400,stretch,ok,
2025-09-22T23:38:44.796529,verde,C:\Users\cesar\Desktop\projects\NEUROLAP_Vision_Artificial\Videos\training-videos\verde\IMG_8317.MOV,C:\Users\cesar\Desktop\projects\NEUROLAP_Vision_Artificial\Videos\processed-videos\verde\IMG_8317_15fps.mp4,IMG_8317_15fps,29.9946,839,1920,1080,15.0000,419,640,360,27.972,27.933,stretch,ok,
2025-09-22T23:38:53.533154,verde,C:\Users\cesar\Desktop\projects\NEUROLAP_Vision_Artificial\Videos\training-videos\verde\IMG_8318.MOV,C:\Users\cesar\Desktop\projects\NEUROLAP_Vision_Artificial\Videos\processed-videos\verde\IMG_8318_15fps.mp4,IMG_8318_15fps,29.9941,761,1920,1080,15.0000,380,640,360,25.372,25.333,stretch,ok,
2025-09-22T23:39:03.161520,verde,C:\Users\cesar\Desktop\projects\NEUROLAP_Vision_Artificial\Videos\training-videos\verde\IMG_8320.MOV,C:\Users\cesar\Desktop\projects\NEUROLAP_Vision_Artificial\Videos\processed-videos\verde\IMG_8320_15fps.mp4,IMG_8320_15fps,29.9949,886,1920,1080,15.0000,443,640,360,29.538,29.533,stretch,ok,
2025-09-22T23:39:11.379803,verde,C:\Users\cesar\Desktop\projects\NEUROLAP_Vision_Artificial\Videos\training-videos\verde\IMG_8321.MOV,C:\Users\cesar\Desktop\projects\NEUROLAP_Vision_Artificial\Videos\processed-videos\verde\IMG_8321_15fps.mp4,IMG_8321_15fps,29.9940,751,1920,1080,15.0000,375,640,360,25.038,25.000,stretch,ok,
2025-09-22T23:39:24.053472,verde,C:\Users\cesar\Desktop\projects\NEUROLAP_Vision_Artificial\Videos\training-videos\verde\IMG_8322.MOV,C:\Users\cesar\Desktop\projects\NEUROLAP_Vision_Artificial\Videos\processed-videos\verde\IMG_8322_15fps.mp4,IMG_8322_15fps,29.9940,1243,1920,1080,15.0000,621,640,360,41.442,41.400,stretch,ok,
2025-09-22T23:39:34.941899,verde,C:\Users\cesar\Desktop\projects\NEUROLAP_Vision_Artificial\Videos\training-videos\verde\IMG_8323.MOV,C:\Users\cesar\Desktop\projects\NEUROLAP_Vision_Artificial\Videos\processed-videos\verde\IMG_8323_15fps.mp4,IMG_8323_15fps,29.9945,1085,1920,1080,15.0000,542,640,360,36.173,36.133,stretch,ok,
2025-09-22T23:39:48.098138,verde,C:\Users\cesar\Desktop\projects\NEUROLAP_Vision_Artificial\Videos\training-videos\verde\IMG_8324.MOV,C:\Users\cesar\Desktop\projects\NEUROLAP_Vision_Artificial\Videos\processed-videos\verde\IMG_8324_15fps.mp4,IMG_8324_15fps,29.9942,1303,1920,1080,15.0000,651,640,360,43.442,43.400,stretch,ok,
2025-09-22T23:40:00.636962,verde,C:\Users\cesar\Desktop\projects\NEUROLAP_Vision_Artificial\Videos\training-videos\verde\IMG_8350.MOV,C:\Users\cesar\Desktop\projects\NEUROLAP_Vision_Artificial\Videos\processed-videos\verde\IMG_8350_15fps.mp4,IMG_8350_15fps,29.9938,1212,1920,1080,15.0000,606,640,360,40.408,40.400,stretch,ok,
2025-09-22T23:40:10.795056,verde,C:\Users\cesar\Desktop\projects\NEUROLAP_Vision_Artificial\Videos\training-videos\verde\IMG_8351.MOV,C:\Users\cesar\Desktop\projects\NEUROLAP_Vision_Artificial\Videos\processed-videos\verde\IMG_8351_15fps.mp4,IMG_8351_15fps,29.9937,948,1920,1080,15.0000,474,640,360,31.607,31.600,stretch,ok,
2025-09-22T23:40:24.028736,verde,C:\Users\cesar\Desktop\projects\NEUROLAP_Vision_Artificial\Videos\training-videos\verde\IMG_8352.MOV,C:\Users\cesar\Desktop\projects\NEUROLAP_Vision_Artificial\Videos\processed-videos\verde\IMG_8352_15fps.mp4,IMG_8352_15fps,29.9942,1290,1920,1080,15.0000,645,640,360,43.008,43.000,stretch,ok,
2025-09-22T23:40:30.698901,verde,C:\Users\cesar\Desktop\projects\NEUROLAP_Vision_Artificial\Videos\training-videos\verde\IMG_8353.MOV,C:\Users\cesar\Desktop\projects\NEUROLAP_Vision_Artificial\Videos\processed-videos\verde\IMG_8353_15fps.mp4,IMG_8353_15fps,29.9952,625,1920,1080,15.0000,312,640,360,20.837,20.800,stretch,ok,
2025-09-22T23:40:37.470612,verde,C:\Users\cesar\Desktop\projects\NEUROLAP_Vision_Artificial\Videos\training-videos\verde\IMG_8354.MOV,C:\Users\cesar\Desktop\projects\NEUROLAP_Vision_Artificial\Videos\processed-videos\verde\IMG_8354_15fps.mp4,IMG_8354_15fps,29.9952,626,1920,1080,15.0000,313,640,360,20.870,20.867,stretch,ok,
2025-09-22T23:40:44.848840,verde,C:\Users\cesar\Desktop\projects\NEUROLAP_Vision_Artificial\Videos\training-videos\verde\IMG_8357.MOV,C:\Users\cesar\Desktop\projects\NEUROLAP_Vision_Artificial\Videos\processed-videos\verde\IMG_8357_15fps.mp4,IMG_8357_15fps,29.9935,692,1920,1080,15.0000,346,640,360,23.072,23.067,stretch,ok,
2025-09-22T23:40:50.474179,verde,C:\Users\cesar\Desktop\projects\NEUROLAP_Vision_Artificial\Videos\training-videos\verde\IMG_8358.MOV,C:\Users\cesar\Desktop\projects\NEUROLAP_Vision_Artificial\Videos\processed-videos\verde\IMG_8358_15fps.mp4,IMG_8358_15fps,29.9944,532,1920,1080,15.0000,266,640,360,17.737,17.733,stretch,ok,
2025-09-22T23:40:56.090070,verde,C:\Users\cesar\Desktop\projects\NEUROLAP_Vision_Artificial\Videos\training-videos\verde\IMG_8359.MOV,C:\Users\cesar\Desktop\projects\NEUROLAP_Vision_Artificial\Videos\processed-videos\verde\IMG_8359_15fps.mp4,IMG_8359_15fps,29.9945,548,1920,1080,15.0000,274,640,360,18.270,18.267,stretch,ok,
2025-09-22T23:41:05.276154,verde,C:\Users\cesar\Desktop\projects\NEUROLAP_Vision_Artificial\Videos\training-videos\verde\IMG_8366.MOV,C:\Users\cesar\Desktop\projects\NEUROLAP_Vision_Artificial\Videos\processed-videos\verde\IMG_8366_15fps.mp4,IMG_8366_15fps,29.9949,875,1920,1080,15.0000,437,640,360,29.172,29.133,stretch,ok,
2025-09-22T23:41:13.518808,verde,C:\Users\cesar\Desktop\projects\NEUROLAP_Vision_Artificial\Videos\training-videos\verde\IMG_8367.MOV,C:\Users\cesar\Desktop\projects\NEUROLAP_Vision_Artificial\Videos\processed-videos\verde\IMG_8367_15fps.mp4,IMG_8367_15fps,29.9943,795,1920,1080,15.0000,397,640,360,26.505,26.467,stretch,ok,
2025-09-22T23:41:20.158074,verde,C:\Users\cesar\Desktop\projects\NEUROLAP_Vision_Artificial\Videos\training-videos\verde\IMG_8369.MOV,C:\Users\cesar\Desktop\projects\NEUROLAP_Vision_Artificial\Videos\processed-videos\verde\IMG_8369_15fps.mp4,IMG_8369_15fps,29.9952,628,1920,1080,15.0000,314,640,360,20.937,20.933,stretch,ok,
2025-09-22T23:41:28.868365,verde,C:\Users\cesar\Desktop\projects\NEUROLAP_Vision_Artificial\Videos\training-videos\verde\IMG_8385.MOV,C:\Users\cesar\Desktop\projects\NEUROLAP_Vision_Artificial\Videos\processed-videos\verde\IMG_8385_15fps.mp4,IMG_8385_15fps,29.9936,705,1920,1080,15.0000,352,640,360,23.505,23.467,stretch,ok,
2025-09-22T23:41:36.614026,verde,C:\Users\cesar\Desktop\projects\NEUROLAP_Vision_Artificial\Videos\training-videos\verde\IMG_8386.MOV,C:\Users\cesar\Desktop\projects\NEUROLAP_Vision_Artificial\Videos\processed-videos\verde\IMG_8386_15fps.mp4,IMG_8386_15fps,29.9936,707,1920,1080,15.0000,353,640,360,23.572,23.533,stretch,ok,
2025-09-22T23:41:41.277828,verde,C:\Users\cesar\Desktop\projects\NEUROLAP_Vision_Artificial\Videos\training-videos\verde\IMG_8388.MOV,C:\Users\cesar\Desktop\projects\NEUROLAP_Vision_Artificial\Videos\processed-videos\verde\IMG_8388_15fps.mp4,IMG_8388_15fps,29.9928,415,1920,1080,15.0000,207,640,360,13.837,13.800,stretch,ok,
2025-09-22T23:41:49.131423,verde,C:\Users\cesar\Desktop\projects\NEUROLAP_Vision_Artificial\Videos\training-videos\verde\IMG_8389.MOV,C:\Users\cesar\Desktop\projects\NEUROLAP_Vision_Artificial\Videos\processed-videos\verde\IMG_8389_15fps.mp4,IMG_8389_15fps,29.9953,643,1920,1080,15.0000,321,640,360,21.437,21.400,stretch,ok,
2025-09-22T23:42:29.831673,verde,C:\Users\cesar\Desktop\projects\NEUROLAP_Vision_Artificial\Videos\training-videos\verde\VID_20250820_104012.mp4,C:\Users\cesar\Desktop\projects\NEUROLAP_Vision_Artificial\Videos\processed-videos\verde\VID_20250820_104012_15fps.mp4,VID_20250820_104012_15fps,60.0036,1456,3840,2160,15.0000,363,640,360,24.265,24.200,stretch,ok,
2025-09-22T23:43:16.158732,verde,C:\Users\cesar\Desktop\projects\NEUROLAP_Vision_Artificial\Videos\training-videos\verde\VID_20250820_104800(1).mp4,C:\Users\cesar\Desktop\projects\NEUROLAP_Vision_Artificial\Videos\processed-videos\verde\VID_20250820_104800(1)_15fps.mp4,VID_20250820_104800(1)_15fps,60.0032,2395,3840,2160,15.0000,598,640,360,39.915,39.867,stretch,ok,
2025-09-22T23:44:02.427508,verde,C:\Users\cesar\Desktop\projects\NEUROLAP_Vision_Artificial\Videos\training-videos\verde\VID_20250820_104800.mp4,C:\Users\cesar\Desktop\projects\NEUROLAP_Vision_Artificial\Videos\processed-videos\verde\VID_20250820_104800_15fps.mp4,VID_20250820_104800_15fps,60.0032,2395,3840,2160,15.0000,598,640,360,39.915,39.867,stretch,ok,
2025-09-22T23:44:37.592994,verde,C:\Users\cesar\Desktop\projects\NEUROLAP_Vision_Artificial\Videos\training-videos\verde\VID_20250820_104903(1).mp4,C:\Users\cesar\Desktop\projects\NEUROLAP_Vision_Artificial\Videos\processed-videos\verde\VID_20250820_104903(1)_15fps.mp4,VID_20250820_104903(1)_15fps,60.0032,1828,3840,2160,15.0000,456,640,360,30.465,30.400,stretch,ok,
2025-09-22T23:45:12.772549,verde,C:\Users\cesar\Desktop\projects\NEUROLAP_Vision_Artificial\Videos\training-videos\verde\VID_20250820_104903.mp4,C:\Users\cesar\Desktop\projects\NEUROLAP_Vision_Artificial\Videos\processed-videos\verde\VID_20250820_104903_15fps.mp4,VID_20250820_104903_15fps,60.0032,1828,3840,2160,15.0000,456,640,360,30.465,30.400,stretch,ok,
2025-09-22T23:45:38.383136,verde,C:\Users\cesar\Desktop\projects\NEUROLAP_Vision_Artificial\Videos\training-videos\verde\VID_20250820_105321.mp4,C:\Users\cesar\Desktop\projects\NEUROLAP_Vision_Artificial\Videos\processed-videos\verde\VID_20250820_105321_15fps.mp4,VID_20250820_105321_15fps,60.0034,1341,3840,2160,15.0000,335,640,360,22.349,22.333,stretch,ok,
2025-09-22T23:45:59.007093,verde,C:\Users\cesar\Desktop\projects\NEUROLAP_Vision_Artificial\Videos\training-videos\verde\VID_20250820_105354.mp4,C:\Users\cesar\Desktop\projects\NEUROLAP_Vision_Artificial\Videos\processed-videos\verde\VID_20250820_105354_15fps.mp4,VID_20250820_105354_15fps,60.0037,1081,3840,2160,15.0000,270,640,360,18.016,18.000,stretch,ok,
2025-09-22T23:46:20.654026,verde,C:\Users\cesar\Desktop\projects\NEUROLAP_Vision_Artificial\Videos\training-videos\verde\VID_20250820_105424.mp4,C:\Users\cesar\Desktop\projects\NEUROLAP_Vision_Artificial\Videos\processed-videos\verde\VID_20250820_105424_15fps.mp4,VID_20250820_105424_15fps,60.0029,1131,3840,2160,15.0000,282,640,360,18.849,18.800,stretch,ok,
2025-09-22T23:46:52.994676,verde,C:\Users\cesar\Desktop\projects\NEUROLAP_Vision_Artificial\Videos\training-videos\verde\VID_20250820_111744.mp4,C:\Users\cesar\Desktop\projects\NEUROLAP_Vision_Artificial\Videos\processed-videos\verde\VID_20250820_111744_15fps.mp4,VID_20250820_111744_15fps,60.0031,1672,3840,2160,15.0000,417,640,360,27.865,27.800,stretch,ok,
2025-09-22T23:47:28.649584,verde,C:\Users\cesar\Desktop\projects\NEUROLAP_Vision_Artificial\Videos\training-videos\verde\VID_20250820_111820.mp4,C:\Users\cesar\Desktop\projects\NEUROLAP_Vision_Artificial\Videos\processed-videos\verde\VID_20250820_111820_15fps.mp4,VID_20250820_111820_15fps,60.0028,1860,3840,2160,15.0000,464,640,360,30.999,30.933,stretch,ok,
2025-09-22T23:48:09.929483,verde,C:\Users\cesar\Desktop\projects\NEUROLAP_Vision_Artificial\Videos\training-videos\verde\VID_20250820_112216.mp4,C:\Users\cesar\Desktop\projects\NEUROLAP_Vision_Artificial\Videos\processed-videos\verde\VID_20250820_112216_15fps.mp4,VID_20250820_112216_15fps,60.0032,2133,3840,2160,15.0000,533,640,360,35.548,35.533,stretch,ok,
2025-09-22T23:48:30.544992,verde,C:\Users\cesar\Desktop\projects\NEUROLAP_Vision_Artificial\Videos\training-videos\verde\VID_20250820_112254.mp4,C:\Users\cesar\Desktop\projects\NEUROLAP_Vision_Artificial\Videos\processed-videos\verde\VID_20250820_112254_15fps.mp4,VID_20250820_112254_15fps,60.0026,1050,3840,2160,15.0000,262,640,360,17.499,17.467,stretch,ok,
2025-09-25T20:37:13.159061,rojo,C:\Users\cesar\Desktop\projects\NEUROLAP_Vision_Artificial\Videos\training-videos\rojo\IMG_8224.MOV,C:\Users\cesar\Desktop\projects\NEUROLAP_Vision_Artificial\Videos\processed-videos\rojo\IMG_8224_15fps.mp4,IMG_8224_15fps,29.9942,781,1920,1080,15.0000,390,640,360,26.038,26.000,letterbox,ok,
2025-09-25T20:37:14.017138,rojo,C:\Users\cesar\Desktop\projects\NEUROLAP_Vision_Artificial\Videos\training-videos\rojo\IMG_8225.MOV,C:\Users\cesar\Desktop\projects\NEUROLAP_Vision_Artificial\Videos\processed-videos\rojo\IMG_8225_15fps.mp4,IMG_8225_15fps,30.0000,99,1920,1080,15.0000,49,640,360,3.300,3.267,letterbox,ok,
2025-09-25T20:37:19.383490,rojo,C:\Users\cesar\Desktop\projects\NEUROLAP_Vision_Artificial\Videos\training-videos\rojo\IMG_8226.MOV,C:\Users\cesar\Desktop\projects\NEUROLAP_Vision_Artificial\Videos\processed-videos\rojo\IMG_8226_15fps.mp4,IMG_8226_15fps,29.9937,713,1920,1080,15.0000,356,640,360,23.772,23.733,letterbox,ok,
2025-09-25T20:37:25.066326,rojo,C:\Users\cesar\Desktop\projects\NEUROLAP_Vision_Artificial\Videos\training-videos\rojo\IMG_8227.MOV,C:\Users\cesar\Desktop\projects\NEUROLAP_Vision_Artificial\Videos\processed-videos\rojo\IMG_8227_15fps.mp4,IMG_8227_15fps,29.9943,789,1920,1080,15.0000,394,640,360,26.305,26.267,letterbox,ok,
2025-09-25T20:37:28.780910,rojo,C:\Users\cesar\Desktop\projects\NEUROLAP_Vision_Artificial\Videos\training-videos\rojo\IMG_8234.MOV,C:\Users\cesar\Desktop\projects\NEUROLAP_Vision_Artificial\Videos\processed-videos\rojo\IMG_8234_15fps.mp4,IMG_8234_15fps,29.9942,518,1920,1080,15.0000,259,640,360,17.270,17.267,letterbox,ok,
2025-09-25T20:37:32.103139,rojo,C:\Users\cesar\Desktop\projects\NEUROLAP_Vision_Artificial\Videos\training-videos\rojo\IMG_8235.MOV,C:\Users\cesar\Desktop\projects\NEUROLAP_Vision_Artificial\Videos\processed-videos\rojo\IMG_8235_15fps.mp4,IMG_8235_15fps,29.9935,462,1920,1080,15.0000,231,640,360,15.403,15.400,letterbox,ok,
2025-09-25T20:37:35.461724,rojo,C:\Users\cesar\Desktop\projects\NEUROLAP_Vision_Artificial\Videos\training-videos\rojo\IMG_8236.MOV,C:\Users\cesar\Desktop\projects\NEUROLAP_Vision_Artificial\Videos\processed-videos\rojo\IMG_8236_15fps.mp4,IMG_8236_15fps,29.9933,449,1920,1080,15.0000,224,640,360,14.970,14.933,letterbox,ok,
2025-09-25T20:37:41.820232,rojo,C:\Users\cesar\Desktop\projects\NEUROLAP_Vision_Artificial\Videos\training-videos\rojo\IMG_8237.MOV,C:\Users\cesar\Desktop\projects\NEUROLAP_Vision_Artificial\Videos\processed-videos\rojo\IMG_8237_15fps.mp4,IMG_8237_15fps,29.9943,788,1920,1080,15.0000,394,640,360,26.272,26.267,letterbox,ok,
2025-09-25T20:37:45.043773,rojo,C:\Users\cesar\Desktop\projects\NEUROLAP_Vision_Artificial\Videos\training-videos\rojo\IMG_8238.MOV,C:\Users\cesar\Desktop\projects\NEUROLAP_Vision_Artificial\Videos\processed-videos\rojo\IMG_8238_15fps.mp4,IMG_8238_15fps,29.9962,397,1920,1080,15.0000,198,640,360,13.235,13.200,letterbox,ok,
2025-09-25T20:37:49.450796,rojo,C:\Users\cesar\Desktop\projects\NEUROLAP_Vision_Artificial\Videos\training-videos\rojo\IMG_8242.MOV,C:\Users\cesar\Desktop\projects\NEUROLAP_Vision_Artificial\Videos\processed-videos\rojo\IMG_8242_15fps.mp4,IMG_8242_15fps,29.9943,530,1920,1080,15.0000,265,640,360,17.670,17.667,letterbox,ok,
2025-09-25T20:37:53.452137,rojo,C:\Users\cesar\Desktop\projects\NEUROLAP_Vision_Artificial\Videos\training-videos\rojo\IMG_8243.MOV,C:\Users\cesar\Desktop\projects\NEUROLAP_Vision_Artificial\Videos\processed-videos\rojo\IMG_8243_15fps.mp4,IMG_8243_15fps,29.9937,477,1920,1080,15.0000,238,640,360,15.903,15.867,letterbox,ok,
2025-09-25T20:41:27.724038,rojo,C:\Users\cesar\Desktop\projects\NEUROLAP_Vision_Artificial\Videos\training-videos\rojo\IMG_8224.MOV,C:\Users\cesar\Desktop\projects\NEUROLAP_Vision_Artificial\Videos\processed-videos\rojo\IMG_8224_15fps.mp4,IMG_8224_15fps,29.9942,781,1920,1080,15.0000,390,640,360,26.038,26.000,letterbox,ok,
2025-09-25T20:41:28.556871,rojo,C:\Users\cesar\Desktop\projects\NEUROLAP_Vision_Artificial\Videos\training-videos\rojo\IMG_8225.MOV,C:\Users\cesar\Desktop\projects\NEUROLAP_Vision_Artificial\Videos\processed-videos\rojo\IMG_8225_15fps.mp4,IMG_8225_15fps,30.0000,99,1920,1080,15.0000,49,640,360,3.300,3.267,letterbox,ok,
2025-09-25T20:41:37.177208,rojo,C:\Users\cesar\Desktop\projects\NEUROLAP_Vision_Artificial\Videos\training-videos\rojo\IMG_8226.MOV,C:\Users\cesar\Desktop\projects\NEUROLAP_Vision_Artificial\Videos\processed-videos\rojo\IMG_8226_15fps.mp4,IMG_8226_15fps,29.9937,713,1920,1080,15.0000,356,640,360,23.772,23.733,letterbox,ok,
2025-09-25T20:41:47.711011,rojo,C:\Users\cesar\Desktop\projects\NEUROLAP_Vision_Artificial\Videos\training-videos\rojo\IMG_8227.MOV,C:\Users\cesar\Desktop\projects\NEUROLAP_Vision_Artificial\Videos\processed-videos\rojo\IMG_8227_15fps.mp4,IMG_8227_15fps,29.9943,789,1920,1080,15.0000,394,640,360,26.305,26.267,letterbox,ok,
2025-09-25T20:41:53.263297,rojo,C:\Users\cesar\Desktop\projects\NEUROLAP_Vision_Artificial\Videos\training-videos\rojo\IMG_8234.MOV,C:\Users\cesar\Desktop\projects\NEUROLAP_Vision_Artificial\Videos\processed-videos\rojo\IMG_8234_15fps.mp4,IMG_8234_15fps,29.9942,518,1920,1080,15.0000,259,640,360,17.270,17.267,letterbox,ok,
2025-09-25T20:41:59.317991,rojo,C:\Users\cesar\Desktop\projects\NEUROLAP_Vision_Artificial\Videos\training-videos\rojo\IMG_8235.MOV,C:\Users\cesar\Desktop\projects\NEUROLAP_Vision_Artificial\Videos\processed-videos\rojo\IMG_8235_15fps.mp4,IMG_8235_15fps,29.9935,462,1920,1080,15.0000,231,640,360,15.403,15.400,letterbox,ok,
2025-09-25T20:42:03.320562,rojo,C:\Users\cesar\Desktop\projects\NEUROLAP_Vision_Artificial\Videos\training-videos\rojo\IMG_8236.MOV,C:\Users\cesar\Desktop\projects\NEUROLAP_Vision_Artificial\Videos\processed-videos\rojo\IMG_8236_15fps.mp4,IMG_8236_15fps,29.9933,449,1920,1080,15.0000,224,640,360,14.970,14.933,letterbox,ok,
2025-09-25T20:42:09.545836,rojo,C:\Users\cesar\Desktop\projects\NEUROLAP_Vision_Artificial\Videos\training-videos\rojo\IMG_8237.MOV,C:\Users\cesar\Desktop\projects\NEUROLAP_Vision_Artificial\Videos\processed-videos\rojo\IMG_8237_15fps.mp4,IMG_8237_15fps,29.9943,788,1920,1080,15.0000,394,640,360,26.272,26.267,letterbox,ok,
2025-09-25T20:42:12.759341,rojo,C:\Users\cesar\Desktop\projects\NEUROLAP_Vision_Artificial\Videos\training-videos\rojo\IMG_8238.MOV,C:\Users\cesar\Desktop\projects\NEUROLAP_Vision_Artificial\Videos\processed-videos\rojo\IMG_8238_15fps.mp4,IMG_8238_15fps,29.9962,397,1920,1080,15.0000,198,640,360,13.235,13.200,letterbox,ok,
2025-09-25T20:42:17.113513,rojo,C:\Users\cesar\Desktop\projects\NEUROLAP_Vision_Artificial\Videos\training-videos\rojo\IMG_8242.MOV,C:\Users\cesar\Desktop\projects\NEUROLAP_Vision_Artificial\Videos\processed-videos\rojo\IMG_8242_15fps.mp4,IMG_8242_15fps,29.9943,530,1920,1080,15.0000,265,640,360,17.670,17.667,letterbox,ok,
2025-09-25T20:42:20.855489,rojo,C:\Users\cesar\Desktop\projects\NEUROLAP_Vision_Artificial\Videos\training-videos\rojo\IMG_8243.MOV,C:\Users\cesar\Desktop\projects\NEUROLAP_Vision_Artificial\Videos\processed-videos\rojo\IMG_8243_15fps.mp4,IMG_8243_15fps,29.9937,477,1920,1080,15.0000,238,640,360,15.903,15.867,letterbox,ok,
2025-09-25T20:42:24.275511,rojo,C:\Users\cesar\Desktop\projects\NEUROLAP_Vision_Artificial\Videos\training-videos\rojo\IMG_8244.MOV,C:\Users\cesar\Desktop\projects\NEUROLAP_Vision_Artificial\Videos\processed-videos\rojo\IMG_8244_15fps.mp4,IMG_8244_15fps,29.9938,482,1920,1080,15.0000,241,640,360,16.070,16.067,letterbox,ok,
2025-09-25T20:42:31.047670,rojo,C:\Users\cesar\Desktop\projects\NEUROLAP_Vision_Artificial\Videos\training-videos\rojo\IMG_8310.MOV,C:\Users\cesar\Desktop\projects\NEUROLAP_Vision_Artificial\Videos\processed-videos\rojo\IMG_8310_15fps.mp4,IMG_8310_15fps,29.9938,967,1920,1080,15.0000,483,640,360,32.240,32.200,letterbox,ok,
2025-09-25T20:42:37.848639,rojo,C:\Users\cesar\Desktop\projects\NEUROLAP_Vision_Artificial\Videos\training-videos\rojo\IMG_8313.MOV,C:\Users\cesar\Desktop\projects\NEUROLAP_Vision_Artificial\Videos\processed-videos\rojo\IMG_8313_15fps.mp4,IMG_8313_15fps,29.9948,861,1920,1080,15.0000,430,640,360,28.705,28.667,letterbox,ok,
2025-09-25T20:42:45.355378,rojo,C:\Users\cesar\Desktop\projects\NEUROLAP_Vision_Artificial\Videos\training-videos\rojo\IMG_8314.MOV,C:\Users\cesar\Desktop\projects\NEUROLAP_Vision_Artificial\Videos\processed-videos\rojo\IMG_8314_15fps.mp4,IMG_8314_15fps,29.9952,931,1920,1080,15.0000,465,640,360,31.038,31.000,letterbox,ok,
2025-09-25T20:42:50.096722,rojo,C:\Users\cesar\Desktop\projects\NEUROLAP_Vision_Artificial\Videos\training-videos\rojo\IMG_8315.MOV,C:\Users\cesar\Desktop\projects\NEUROLAP_Vision_Artificial\Videos\processed-videos\rojo\IMG_8315_15fps.mp4,IMG_8315_15fps,29.9949,585,1920,1080,15.0000,292,640,360,19.503,19.467,letterbox,ok,
2025-09-25T20:42:55.118261,rojo,C:\Users\cesar\Desktop\projects\NEUROLAP_Vision_Artificial\Videos\training-videos\rojo\IMG_8347.MOV,C:\Users\cesar\Desktop\projects\NEUROLAP_Vision_Artificial\Videos\processed-videos\rojo\IMG_8347_15fps.mp4,IMG_8347_15fps,29.9951,611,1920,1080,15.0000,305,640,360,20.370,20.333,letterbox,ok,
2025-09-25T20:43:01.426864,rojo,C:\Users\cesar\Desktop\projects\NEUROLAP_Vision_Artificial\Videos\training-videos\rojo\IMG_8348.MOV,C:\Users\cesar\Desktop\projects\NEUROLAP_Vision_Artificial\Videos\processed-videos\rojo\IMG_8348_15fps.mp4,IMG_8348_15fps,29.9942,771,1920,1080,15.0000,385,640,360,25.705,25.667,letterbox,ok,
2025-09-25T20:43:11.504618,rojo,C:\Users\cesar\Desktop\projects\NEUROLAP_Vision_Artificial\Videos\training-videos\rojo\IMG_8349.MOV,C:\Users\cesar\Desktop\projects\NEUROLAP_Vision_Artificial\Videos\processed-videos\rojo\IMG_8349_15fps.mp4,IMG_8349_15fps,29.9939,1227,1920,1080,15.0000,613,640,360,40.908,40.867,letterbox,ok,
2025-09-25T20:43:18.940756,rojo,C:\Users\cesar\Desktop\projects\NEUROLAP_Vision_Artificial\Videos\training-videos\rojo\IMG_8355.MOV,C:\Users\cesar\Desktop\projects\NEUROLAP_Vision_Artificial\Videos\processed-videos\rojo\IMG_8355_15fps.mp4,IMG_8355_15fps,29.9950,891,1920,1080,15.0000,445,640,360,29.705,29.667,letterbox,ok,
2025-09-25T20:43:24.678662,rojo,C:\Users\cesar\Desktop\projects\NEUROLAP_Vision_Artificial\Videos\training-videos\rojo\IMG_8356.MOV,C:\Users\cesar\Desktop\projects\NEUROLAP_Vision_Artificial\Videos\processed-videos\rojo\IMG_8356_15fps.mp4,IMG_8356_15fps,29.9935,692,1920,1080,15.0000,346,640,360,23.072,23.067,letterbox,ok,
2025-09-25T20:43:33.200433,rojo,C:\Users\cesar\Desktop\projects\NEUROLAP_Vision_Artificial\Videos\training-videos\rojo\IMG_8360.MOV,C:\Users\cesar\Desktop\projects\NEUROLAP_Vision_Artificial\Videos\processed-videos\rojo\IMG_8360_15fps.mp4,IMG_8360_15fps,29.9943,1045,1920,1080,15.0000,522,640,360,34.840,34.800,letterbox,ok,
2025-09-25T20:43:41.377642,rojo,C:\Users\cesar\Desktop\projects\NEUROLAP_Vision_Artificial\Videos\training-videos\rojo\IMG_8361.MOV,C:\Users\cesar\Desktop\projects\NEUROLAP_Vision_Artificial\Videos\processed-videos\rojo\IMG_8361_15fps.mp4,IMG_8361_15fps,29.9940,1002,1920,1080,15.0000,501,640,360,33.407,33.400,letterbox,ok,
2025-09-25T20:43:49.089255,rojo,C:\Users\cesar\Desktop\projects\NEUROLAP_Vision_Artificial\Videos\training-videos\rojo\IMG_8362.MOV,C:\Users\cesar\Desktop\projects\NEUROLAP_Vision_Artificial\Videos\processed-videos\rojo\IMG_8362_15fps.mp4,IMG_8362_15fps,29.9937,959,1920,1080,15.0000,479,640,360,31.973,31.933,letterbox,ok,
2025-09-25T20:43:56.354021,rojo,C:\Users\cesar\Desktop\projects\NEUROLAP_Vision_Artificial\Videos\training-videos\rojo\IMG_8363.MOV,C:\Users\cesar\Desktop\projects\NEUROLAP_Vision_Artificial\Videos\processed-videos\rojo\IMG_8363_15fps.mp4,IMG_8363_15fps,29.9949,885,1920,1080,15.0000,442,640,360,29.505,29.467,letterbox,ok,
2025-09-25T20:44:01.627767,rojo,C:\Users\cesar\Desktop\projects\NEUROLAP_Vision_Artificial\Videos\training-videos\rojo\IMG_8364.MOV,C:\Users\cesar\Desktop\projects\NEUROLAP_Vision_Artificial\Videos\processed-videos\rojo\IMG_8364_15fps.mp4,IMG_8364_15fps,29.9934,680,1920,1080,15.0000,340,640,360,22.672,22.667,letterbox,ok,
2025-09-25T20:44:07.431548,rojo,C:\Users\cesar\Desktop\projects\NEUROLAP_Vision_Artificial\Videos\training-videos\rojo\IMG_8365.MOV,C:\Users\cesar\Desktop\projects\NEUROLAP_Vision_Artificial\Videos\processed-videos\rojo\IMG_8365_15fps.mp4,IMG_8365_15fps,29.9937,712,1920,1080,15.0000,356,640,360,23.738,23.733,letterbox,ok,
2025-09-25T20:44:11.647673,rojo,C:\Users\cesar\Desktop\projects\NEUROLAP_Vision_Artificial\Videos\training-videos\rojo\IMG_8382.MOV,C:\Users\cesar\Desktop\projects\NEUROLAP_Vision_Artificial\Videos\processed-videos\rojo\IMG_8382_15fps.mp4,IMG_8382_15fps,29.9941,507,1920,1080,15.0000,253,640,360,16.903,16.867,letterbox,ok,
2025-09-25T20:44:21.821713,rojo,C:\Users\cesar\Desktop\projects\NEUROLAP_Vision_Artificial\Videos\training-videos\rojo\IMG_8405.MOV,C:\Users\cesar\Desktop\projects\NEUROLAP_Vision_Artificial\Videos\processed-videos\rojo\IMG_8405_15fps.mp4,IMG_8405_15fps,29.9941,1263,1920,1080,15.0000,631,640,360,42.108,42.067,letterbox,ok,
2025-09-25T20:44:35.048069,rojo,C:\Users\cesar\Desktop\projects\NEUROLAP_Vision_Artificial\Videos\training-videos\rojo\IMG_8406.MOV,C:\Users\cesar\Desktop\projects\NEUROLAP_Vision_Artificial\Videos\processed-videos\rojo\IMG_8406_15fps.mp4,IMG_8406_15fps,29.9944,1612,1920,1080,15.0000,806,640,360,53.743,53.733,letterbox,ok,
2025-09-25T20:44:53.541734,rojo,C:\Users\cesar\Desktop\projects\NEUROLAP_Vision_Artificial\Videos\training-videos\rojo\IMG_8407.MOV,C:\Users\cesar\Desktop\projects\NEUROLAP_Vision_Artificial\Videos\processed-videos\rojo\IMG_8407_15fps.mp4,IMG_8407_15fps,29.9947,2251,1920,1080,15.0000,1125,640,360,75.047,75.000,letterbox,ok,
2025-09-25T20:45:00.785438,rojo,C:\Users\cesar\Desktop\projects\NEUROLAP_Vision_Artificial\Videos\training-videos\rojo\IMG_8408.MOV,C:\Users\cesar\Desktop\projects\NEUROLAP_Vision_Artificial\Videos\processed-videos\rojo\IMG_8408_15fps.mp4,IMG_8408_15fps,29.9950,892,1920,1080,15.0000,446,640,360,29.738,29.733,letterbox,ok,
2025-09-25T20:45:08.578376,rojo,C:\Users\cesar\Desktop\projects\NEUROLAP_Vision_Artificial\Videos\training-videos\rojo\IMG_8409.MOV,C:\Users\cesar\Desktop\projects\NEUROLAP_Vision_Artificial\Videos\processed-videos\rojo\IMG_8409_15fps.mp4,IMG_8409_15fps,29.9937,949,1920,1080,15.0000,474,640,360,31.640,31.600,letterbox,ok,
2025-09-25T20:45:13.684434,rojo,C:\Users\cesar\Desktop\projects\NEUROLAP_Vision_Artificial\Videos\training-videos\rojo\IMG_8410.MOV,C:\Users\cesar\Desktop\projects\NEUROLAP_Vision_Artificial\Videos\processed-videos\rojo\IMG_8410_15fps.mp4,IMG_8410_15fps,29.9951,614,1920,1080,15.0000,307,640,360,20.470,20.467,letterbox,ok,
2025-09-25T20:45:50.406810,rojo,C:\Users\cesar\Desktop\projects\NEUROLAP_Vision_Artificial\Videos\training-videos\rojo\VID_20250820_101845.mp4,C:\Users\cesar\Desktop\projects\NEUROLAP_Vision_Artificial\Videos\processed-videos\rojo\VID_20250820_101845_15fps.mp4,VID_20250820_101845_15fps,60.0029,2233,3840,2160,15.0000,558,640,360,37.215,37.200,letterbox,ok,
2025-09-25T20:46:13.121059,rojo,C:\Users\cesar\Desktop\projects\NEUROLAP_Vision_Artificial\Videos\training-videos\rojo\VID_20250820_101943.mp4,C:\Users\cesar\Desktop\projects\NEUROLAP_Vision_Artificial\Videos\processed-videos\rojo\VID_20250820_101943_15fps.mp4,VID_20250820_101943_15fps,60.0029,1473,3840,2160,15.0000,368,640,360,24.549,24.533,letterbox,ok,
2025-09-25T20:46:43.961543,rojo,C:\Users\cesar\Desktop\projects\NEUROLAP_Vision_Artificial\Videos\training-videos\rojo\VID_20250820_103040.mp4,C:\Users\cesar\Desktop\projects\NEUROLAP_Vision_Artificial\Videos\processed-videos\rojo\VID_20250820_103040_15fps.mp4,VID_20250820_103040_15fps,60.0028,1909,3840,2160,15.0000,477,640,360,31.815,31.800,letterbox,ok,
2025-09-25T20:47:09.104952,rojo,C:\Users\cesar\Desktop\projects\NEUROLAP_Vision_Artificial\Videos\training-videos\rojo\VID_20250820_103424.mp4,C:\Users\cesar\Desktop\projects\NEUROLAP_Vision_Artificial\Videos\processed-videos\rojo\VID_20250820_103424_15fps.mp4,VID_20250820_103424_15fps,60.0027,1568,3840,2160,15.0000,391,640,360,26.132,26.067,letterbox,ok,
2025-09-25T20:47:46.155324,rojo,C:\Users\cesar\Desktop\projects\NEUROLAP_Vision_Artificial\Videos\training-videos\rojo\VID_20250820_104712.mp4,C:\Users\cesar\Desktop\projects\NEUROLAP_Vision_Artificial\Videos\processed-videos\rojo\VID_20250820_104712_15fps.mp4,VID_20250820_104712_15fps,60.0030,2204,3840,2160,15.0000,550,640,360,36.731,36.667,letterbox,ok,
2025-09-25T20:48:00.357117,rojo,C:\Users\cesar\Desktop\projects\NEUROLAP_Vision_Artificial\Videos\training-videos\rojo\VID_20250820_110522.mp4,C:\Users\cesar\Desktop\projects\NEUROLAP_Vision_Artificial\Videos\processed-videos\rojo\VID_20250820_110522_15fps.mp4,VID_20250820_110522_15fps,60.0031,909,3840,2160,15.0000,227,640,360,15.149,15.133,letterbox,ok,
2025-09-25T20:48:17.899359,rojo,C:\Users\cesar\Desktop\projects\NEUROLAP_Vision_Artificial\Videos\training-videos\rojo\VID_20250820_110611.mp4,C:\Users\cesar\Desktop\projects\NEUROLAP_Vision_Artificial\Videos\processed-videos\rojo\VID_20250820_110611_15fps.mp4,VID_20250820_110611_15fps,60.0034,1035,3840,2160,15.0000,258,640,360,17.249,17.200,letterbox,ok,
2025-09-25T20:48:34.131142,rojo,C:\Users\cesar\Desktop\projects\NEUROLAP_Vision_Artificial\Videos\training-videos\rojo\VID_20250820_110636.mp4,C:\Users\cesar\Desktop\projects\NEUROLAP_Vision_Artificial\Videos\processed-videos\rojo\VID_20250820_110636_15fps.mp4,VID_20250820_110636_15fps,60.0030,938,3840,2160,15.0000,234,640,360,15.633,15.600,letterbox,ok,
2025-09-25T20:48:49.815857,rojo,C:\Users\cesar\Desktop\projects\NEUROLAP_Vision_Artificial\Videos\training-videos\rojo\VID_20250820_111306.mp4,C:\Users\cesar\Desktop\projects\NEUROLAP_Vision_Artificial\Videos\processed-videos\rojo\VID_20250820_111306_15fps.mp4,VID_20250820_111306_15fps,60.0036,914,3840,2160,15.0000,228,640,360,15.232,15.200,letterbox,ok,
2025-09-25T20:49:00.510649,rojo,C:\Users\cesar\Desktop\projects\NEUROLAP_Vision_Artificial\Videos\training-videos\rojo\VID_20250820_111335.mp4,C:\Users\cesar\Desktop\projects\NEUROLAP_Vision_Artificial\Videos\processed-videos\rojo\VID_20250820_111335_15fps.mp4,VID_20250820_111335_15fps,60.0026,604,3840,2160,15.0000,150,640,360,10.066,10.000,letterbox,ok,
2025-09-25T20:49:26.982299,rojo,C:\Users\cesar\Desktop\projects\NEUROLAP_Vision_Artificial\Videos\training-videos\rojo\VID_20250820_112631.mp4,C:\Users\cesar\Desktop\projects\NEUROLAP_Vision_Artificial\Videos\processed-videos\rojo\VID_20250820_112631_15fps.mp4,VID_20250820_112631_15fps,60.0032,1545,3840,2160,15.0000,386,640,360,25.749,25.733,letterbox,ok,
2025-09-25T20:49:47.619550,rojo,C:\Users\cesar\Desktop\projects\NEUROLAP_Vision_Artificial\Videos\training-videos\rojo\VID_20250820_112703.mp4,C:\Users\cesar\Desktop\projects\NEUROLAP_Vision_Artificial\Videos\processed-videos\rojo\VID_20250820_112703_15fps.mp4,VID_20250820_112703_15fps,60.0039,1301,3840,2160,15.0000,325,640,360,21.682,21.667,letterbox,ok,
2025-09-25T20:50:07.802308,rojo,C:\Users\cesar\Desktop\projects\NEUROLAP_Vision_Artificial\Videos\training-videos\rojo\VID_20250820_112728.mp4,C:\Users\cesar\Desktop\projects\NEUROLAP_Vision_Artificial\Videos\processed-videos\rojo\VID_20250820_112728_15fps.mp4,VID_20250820_112728_15fps,60.0029,1170,3840,2160,15.0000,292,640,360,19.499,19.467,letterbox,ok,
2025-09-25T20:50:25.116993,rojo,C:\Users\cesar\Desktop\projects\NEUROLAP_Vision_Artificial\Videos\training-videos\rojo\VID_20250829_111837.mp4,C:\Users\cesar\Desktop\projects\NEUROLAP_Vision_Artificial\Videos\processed-videos\rojo\VID_20250829_111837_15fps.mp4,VID_20250829_111837_15fps,60.0030,1013,3840,2160,15.0000,253,640,360,16.882,16.867,letterbox,ok,
2025-09-25T20:50:45.112857,rojo,C:\Users\cesar\Desktop\projects\NEUROLAP_Vision_Artificial\Videos\training-videos\rojo\VID_20250829_111923.mp4,C:\Users\cesar\Desktop\projects\NEUROLAP_Vision_Artificial\Videos\processed-videos\rojo\VID_20250829_111923_15fps.mp4,VID_20250829_111923_15fps,60.0029,1180,3840,2160,15.0000,294,640,360,19.666,19.600,letterbox,ok,
2025-09-25T20:50:58.023638,rojo,C:\Users\cesar\Desktop\projects\NEUROLAP_Vision_Artificial\Videos\training-videos\rojo\VID_20250829_111949.mp4,C:\Users\cesar\Desktop\projects\NEUROLAP_Vision_Artificial\Videos\processed-videos\rojo\VID_20250829_111949_15fps.mp4,VID_20250829_111949_15fps,60.0026,746,3840,2160,15.0000,186,640,360,12.433,12.400,letterbox,ok,
2025-09-25T20:51:18.302929,rojo,C:\Users\cesar\Desktop\projects\NEUROLAP_Vision_Artificial\Videos\training-videos\rojo\VID_20250829_112009.mp4,C:\Users\cesar\Desktop\projects\NEUROLAP_Vision_Artificial\Videos\processed-videos\rojo\VID_20250829_112009_15fps.mp4,VID_20250829_112009_15fps,60.0026,1172,3840,2160,15.0000,292,640,360,19.532,19.467,letterbox,ok,
2025-09-25T20:52:01.878515,rojo,C:\Users\cesar\Desktop\projects\NEUROLAP_Vision_Artificial\Videos\training-videos\rojo\VID_20250903_100325.mp4,C:\Users\cesar\Desktop\projects\NEUROLAP_Vision_Artificial\Videos\processed-videos\rojo\VID_20250903_100325_15fps.mp4,VID_20250903_100325_15fps,60.0030,2673,3840,2160,15.0000,668,640,360,44.548,44.533,letterbox,ok,
2025-09-25T20:52:33.015502,rojo,C:\Users\cesar\Desktop\projects\NEUROLAP_Vision_Artificial\Videos\training-videos\rojo\VID_20250903_100418.mp4,C:\Users\cesar\Desktop\projects\NEUROLAP_Vision_Artificial\Videos\processed-videos\rojo\VID_20250903_100418_15fps.mp4,VID_20250903_100418_15fps,60.0032,1857,3840,2160,15.0000,464,640,360,30.948,30.933,letterbox,ok,
2025-09-25T20:52:59.364782,rojo,C:\Users\cesar\Desktop\projects\NEUROLAP_Vision_Artificial\Videos\training-videos\rojo\VID_20250903_100456.mp4,C:\Users\cesar\Desktop\projects\NEUROLAP_Vision_Artificial\Videos\processed-videos\rojo\VID_20250903_100456_15fps.mp4,VID_20250903_100456_15fps,60.0032,1551,3840,2160,15.0000,387,640,360,25.849,25.800,letterbox,ok,
2025-09-25T20:53:19.732721,rojo,C:\Users\cesar\Desktop\projects\NEUROLAP_Vision_Artificial\Videos\training-videos\rojo\VID_20250904_101355.mp4,C:\Users\cesar\Desktop\projects\NEUROLAP_Vision_Artificial\Videos\processed-videos\rojo\VID_20250904_101355_15fps.mp4,VID_20250904_101355_15fps,60.0030,1204,3840,2160,15.0000,300,640,360,20.066,20.000,letterbox,ok,
2025-09-25T20:53:50.776555,rojo,C:\Users\cesar\Desktop\projects\NEUROLAP_Vision_Artificial\Videos\training-videos\rojo\VID_20250904_101434.mp4,C:\Users\cesar\Desktop\projects\NEUROLAP_Vision_Artificial\Videos\processed-videos\rojo\VID_20250904_101434_15fps.mp4,VID_20250904_101434_15fps,60.0028,1829,3840,2160,15.0000,457,640,360,30.482,30.467,letterbox,ok,
2025-09-25T20:54:14.800047,rojo,C:\Users\cesar\Desktop\projects\NEUROLAP_Vision_Artificial\Videos\training-videos\rojo\VID_20250904_101513.mp4,C:\Users\cesar\Desktop\projects\NEUROLAP_Vision_Artificial\Videos\processed-videos\rojo\VID_20250904_101513_15fps.mp4,VID_20250904_101513_15fps,60.0033,1489,3840,2160,15.0000,372,640,360,24.815,24.800,letterbox,ok,
2025-09-25T20:54:46.676053,rojo,C:\Users\cesar\Desktop\projects\NEUROLAP_Vision_Artificial\Videos\training-videos\rojo\VID_20250904_101547.mp4,C:\Users\cesar\Desktop\projects\NEUROLAP_Vision_Artificial\Videos\processed-videos\rojo\VID_20250904_101547_15fps.mp4,VID_20250904_101547_15fps,60.0027,1864,3840,2160,15.0000,465,640,360,31.065,31.000,letterbox,ok,
2025-09-25T20:55:41.847156,rojo,C:\Users\cesar\Desktop\projects\NEUROLAP_Vision_Artificial\Videos\training-videos\rojo\VID_20250904_102009.mp4,C:\Users\cesar\Desktop\projects\NEUROLAP_Vision_Artificial\Videos\processed-videos\rojo\VID_20250904_102009_15fps.mp4,VID_20250904_102009_15fps,60.0037,3172,3840,2160,15.0000,792,640,360,52.863,52.800,letterbox,ok,
2025-09-25T20:56:19.568174,rojo,C:\Users\cesar\Desktop\projects\NEUROLAP_Vision_Artificial\Videos\training-videos\rojo\VID_20250904_102111.mp4,C:\Users\cesar\Desktop\projects\NEUROLAP_Vision_Artificial\Videos\processed-videos\rojo\VID_20250904_102111_15fps.mp4,VID_20250904_102111_15fps,60.0029,2171,3840,2160,15.0000,542,640,360,36.182,36.133,letterbox,ok,
2025-09-25T20:56:35.807614,rojo,C:\Users\cesar\Desktop\projects\NEUROLAP_Vision_Artificial\Videos\training-videos\rojo\VID_20250904_110140.mp4,C:\Users\cesar\Desktop\projects\NEUROLAP_Vision_Artificial\Videos\processed-videos\rojo\VID_20250904_110140_15fps.mp4,VID_20250904_110140_15fps,60.0035,927,3840,2160,15.0000,231,640,360,15.449,15.400,letterbox,ok,
2025-09-25T20:56:43.294637,amarillo,C:\Users\cesar\Desktop\projects\NEUROLAP_Vision_Artificial\Videos\training-videos\amarillo\IMG_8222.MOV,C:\Users\cesar\Desktop\projects\NEUROLAP_Vision_Artificial\Videos\processed-videos\amarillo\IMG_8222_15fps.mp4,IMG_8222_15fps,29.9941,1017,1920,1080,15.0000,508,640,360,33.907,33.867,letterbox,ok,
2025-09-25T20:56:49.454656,amarillo,C:\Users\cesar\Desktop\projects\NEUROLAP_Vision_Artificial\Videos\training-videos\amarillo\IMG_8223.MOV,C:\Users\cesar\Desktop\projects\NEUROLAP_Vision_Artificial\Videos\processed-videos\amarillo\IMG_8223_15fps.mp4,IMG_8223_15fps,29.9945,822,1920,1080,15.0000,411,640,360,27.405,27.400,letterbox,ok,
2025-09-25T20:56:55.042990,amarillo,C:\Users\cesar\Desktop\projects\NEUROLAP_Vision_Artificial\Videos\training-videos\amarillo\IMG_8308.MOV,C:\Users\cesar\Desktop\projects\NEUROLAP_Vision_Artificial\Videos\processed-videos\amarillo\IMG_8308_15fps.mp4,IMG_8308_15fps,29.9942,771,1920,1080,15.0000,385,640,360,25.705,25.667,letterbox,ok,
2025-09-25T20:56:59.909006,amarillo,C:\Users\cesar\Desktop\projects\NEUROLAP_Vision_Artificial\Videos\training-videos\amarillo\IMG_8309.MOV,C:\Users\cesar\Desktop\projects\NEUROLAP_Vision_Artificial\Videos\processed-videos\amarillo\IMG_8309_15fps.mp4,IMG_8309_15fps,29.9955,663,1920,1080,15.0000,331,640,360,22.103,22.067,letterbox,ok,
2025-09-25T20:57:06.349617,amarillo,C:\Users\cesar\Desktop\projects\NEUROLAP_Vision_Artificial\Videos\training-videos\amarillo\IMG_8311.MOV,C:\Users\cesar\Desktop\projects\NEUROLAP_Vision_Artificial\Videos\processed-videos\amarillo\IMG_8311_15fps.mp4,IMG_8311_15fps,29.9950,898,1920,1080,15.0000,449,640,360,29.938,29.933,letterbox,ok,
2025-09-25T20:57:11.560801,amarillo,C:\Users\cesar\Desktop\projects\NEUROLAP_Vision_Artificial\Videos\training-videos\amarillo\IMG_8316.MOV,C:\Users\cesar\Desktop\projects\NEUROLAP_Vision_Artificial\Videos\processed-videos\amarillo\IMG_8316_15fps.mp4,IMG_8316_15fps,29.9937,711,1920,1080,15.0000,355,640,360,23.705,23.667,letterbox,ok,
2025-09-25T20:57:18.618983,amarillo,C:\Users\cesar\Desktop\projects\NEUROLAP_Vision_Artificial\Videos\training-videos\amarillo\IMG_8319.MOV,C:\Users\cesar\Desktop\projects\NEUROLAP_Vision_Artificial\Videos\processed-videos\amarillo\IMG_8319_15fps.mp4,IMG_8319_15fps,29.9939,981,1920,1080,15.0000,490,640,360,32.707,32.667,letterbox,ok,
2025-09-25T20:57:24.283029,amarillo,C:\Users\cesar\Desktop\projects\NEUROLAP_Vision_Artificial\Videos\training-videos\amarillo\IMG_8400.MOV,C:\Users\cesar\Desktop\projects\NEUROLAP_Vision_Artificial\Videos\processed-videos\amarillo\IMG_8400_15fps.mp4,IMG_8400_15fps,29.9941,764,1920,1080,15.0000,382,640,360,25.472,25.467,letterbox,ok,
2025-09-25T20:57:39.348247,amarillo,C:\Users\cesar\Desktop\projects\NEUROLAP_Vision_Artificial\Videos\training-videos\amarillo\VID_20250820_095447.mp4,C:\Users\cesar\Desktop\projects\NEUROLAP_Vision_Artificial\Videos\processed-videos\amarillo\VID_20250820_095447_15fps.mp4,VID_20250820_095447_15fps,60.0033,880,3840,2160,15.0000,219,640,360,14.666,14.600,letterbox,ok,
2025-09-25T20:58:07.892069,amarillo,C:\Users\cesar\Desktop\projects\NEUROLAP_Vision_Artificial\Videos\training-videos\amarillo\VID_20250820_102035(1).mp4,C:\Users\cesar\Desktop\projects\NEUROLAP_Vision_Artificial\Videos\processed-videos\amarillo\VID_20250820_102035(1)_15fps.mp4,VID_20250820_102035(1)_15fps,60.0029,1657,3840,2160,15.0000,414,640,360,27.615,27.600,letterbox,ok,
2025-09-25T20:58:28.516354,amarillo,C:\Users\cesar\Desktop\projects\NEUROLAP_Vision_Artificial\Videos\training-videos\amarillo\VID_20250820_102035.mp4,C:\Users\cesar\Desktop\projects\NEUROLAP_Vision_Artificial\Videos\processed-videos\amarillo\VID_20250820_102035_15fps.mp4,VID_20250820_102035_15fps,60.0029,1657,3840,2160,15.0000,414,640,360,27.615,27.600,letterbox,ok,
2025-09-25T20:58:56.506331,amarillo,C:\Users\cesar\Desktop\projects\NEUROLAP_Vision_Artificial\Videos\training-videos\amarillo\VID_20250820_104712.mp4,C:\Users\cesar\Desktop\projects\NEUROLAP_Vision_Artificial\Videos\processed-videos\amarillo\VID_20250820_104712_15fps.mp4,VID_20250820_104712_15fps,60.0030,2204,3840,2160,15.0000,550,640,360,36.731,36.667,letterbox,ok,
2025-09-25T20:59:34.164734,amarillo,C:\Users\cesar\Desktop\projects\NEUROLAP_Vision_Artificial\Videos\training-videos\amarillo\VID_20250820_104800.mp4,C:\Users\cesar\Desktop\projects\NEUROLAP_Vision_Artificial\Videos\processed-videos\amarillo\VID_20250820_104800_15fps.mp4,VID_20250820_104800_15fps,60.0032,2395,3840,2160,15.0000,598,640,360,39.915,39.867,letterbox,ok,
2025-09-25T21:00:05.159950,amarillo,C:\Users\cesar\Desktop\projects\NEUROLAP_Vision_Artificial\Videos\training-videos\amarillo\VID_20250820_111701.mp4,C:\Users\cesar\Desktop\projects\NEUROLAP_Vision_Artificial\Videos\processed-videos\amarillo\VID_20250820_111701_15fps.mp4,VID_20250820_111701_15fps,60.0035,1906,3840,2160,15.0000,476,640,360,31.765,31.733,letterbox,ok,
2025-09-25T21:00:17.608605,amarillo,C:\Users\cesar\Desktop\projects\NEUROLAP_Vision_Artificial\Videos\training-videos\amarillo\VID_20250820_112316.mp4,C:\Users\cesar\Desktop\projects\NEUROLAP_Vision_Artificial\Videos\processed-videos\amarillo\VID_20250820_112316_15fps.mp4,VID_20250820_112316_15fps,60.0031,966,3840,2160,15.0000,241,640,360,16.099,16.067,letterbox,ok,
2025-09-25T21:00:56.061333,amarillo,C:\Users\cesar\Desktop\projects\NEUROLAP_Vision_Artificial\Videos\training-videos\amarillo\VID_20250903_102455.mp4,C:\Users\cesar\Desktop\projects\NEUROLAP_Vision_Artificial\Videos\processed-videos\amarillo\VID_20250903_102455_15fps.mp4,VID_20250903_102455_15fps,60.0031,2359,3840,2160,15.0000,589,640,360,39.315,39.267,letterbox,ok,
2025-09-25T21:01:35.645877,amarillo,C:\Users\cesar\Desktop\projects\NEUROLAP_Vision_Artificial\Videos\training-videos\amarillo\VID_20250903_102540.mp4,C:\Users\cesar\Desktop\projects\NEUROLAP_Vision_Artificial\Videos\processed-videos\amarillo\VID_20250903_102540_15fps.mp4,VID_20250903_102540_15fps,60.0029,2046,3840,2160,15.0000,511,640,360,34.098,34.067,letterbox,ok,
2025-09-25T21:02:39.787375,amarillo,C:\Users\cesar\Desktop\projects\NEUROLAP_Vision_Artificial\Videos\training-videos\amarillo\VID_20250903_102620.mp4,C:\Users\cesar\Desktop\projects\NEUROLAP_Vision_Artificial\Videos\processed-videos\amarillo\VID_20250903_102620_15fps.mp4,VID_20250903_102620_15fps,60.0033,2155,3840,2160,15.0000,538,640,360,35.915,35.867,letterbox,ok,
2025-09-25T21:03:48.939871,amarillo,C:\Users\cesar\Desktop\projects\NEUROLAP_Vision_Artificial\Videos\training-videos\amarillo\VID_20250904_102155 (1).mp4,C:\Users\cesar\Desktop\projects\NEUROLAP_Vision_Artificial\Videos\processed-videos\amarillo\VID_20250904_102155 (1)_15fps.mp4,VID_20250904_102155 (1)_15fps,60.0031,2322,3840,2160,15.0000,580,640,360,38.698,38.667,letterbox,ok,
2025-09-25T21:04:48.013186,amarillo,C:\Users\cesar\Desktop\projects\NEUROLAP_Vision_Artificial\Videos\training-videos\amarillo\VID_20250904_102155.mp4,C:\Users\cesar\Desktop\projects\NEUROLAP_Vision_Artificial\Videos\processed-videos\amarillo\VID_20250904_102155_15fps.mp4,VID_20250904_102155_15fps,60.0031,2322,3840,2160,15.0000,580,640,360,38.698,38.667,letterbox,ok,
2025-09-25T21:05:48.499270,amarillo,C:\Users\cesar\Desktop\projects\NEUROLAP_Vision_Artificial\Videos\training-videos\amarillo\VID_20250904_103715.mp4,C:\Users\cesar\Desktop\projects\NEUROLAP_Vision_Artificial\Videos\processed-videos\amarillo\VID_20250904_103715_15fps.mp4,VID_20250904_103715_15fps,60.0033,2171,3840,2160,15.0000,542,640,360,36.181,36.133,letterbox,ok,
2025-09-25T21:06:23.078267,amarillo,C:\Users\cesar\Desktop\projects\NEUROLAP_Vision_Artificial\Videos\training-videos\amarillo\VID_20250904_110237.mp4,C:\Users\cesar\Desktop\projects\NEUROLAP_Vision_Artificial\Videos\processed-videos\amarillo\VID_20250904_110237_15fps.mp4,VID_20250904_110237_15fps,60.0028,1320,3840,2160,15.0000,329,640,360,21.999,21.933,letterbox,ok,
2025-09-25T21:06:30.057222,verde,C:\Users\cesar\Desktop\projects\NEUROLAP_Vision_Artificial\Videos\training-videos\verde\IMG_8216.MOV,C:\Users\cesar\Desktop\projects\NEUROLAP_Vision_Artificial\Videos\processed-videos\verde\IMG_8216_15fps.mp4,IMG_8216_15fps,29.9933,674,1920,1080,15.0000,337,640,360,22.472,22.467,letterbox,ok,
2025-09-25T21:06:36.223442,verde,C:\Users\cesar\Desktop\projects\NEUROLAP_Vision_Artificial\Videos\training-videos\verde\IMG_8217.MOV,C:\Users\cesar\Desktop\projects\NEUROLAP_Vision_Artificial\Videos\processed-videos\verde\IMG_8217_15fps.mp4,IMG_8217_15fps,29.9950,597,1920,1080,15.0000,298,640,360,19.903,19.867,letterbox,ok,
2025-09-25T21:06:41.898379,verde,C:\Users\cesar\Desktop\projects\NEUROLAP_Vision_Artificial\Videos\training-videos\verde\IMG_8218.MOV,C:\Users\cesar\Desktop\projects\NEUROLAP_Vision_Artificial\Videos\processed-videos\verde\IMG_8218_15fps.mp4,IMG_8218_15fps,29.9945,545,1920,1080,15.0000,272,640,360,18.170,18.133,letterbox,ok,
2025-09-25T21:06:46.182826,verde,C:\Users\cesar\Desktop\projects\NEUROLAP_Vision_Artificial\Videos\training-videos\verde\IMG_8219.MOV,C:\Users\cesar\Desktop\projects\NEUROLAP_Vision_Artificial\Videos\processed-videos\verde\IMG_8219_15fps.mp4,IMG_8219_15fps,29.9927,413,1920,1080,15.0000,206,640,360,13.770,13.733,letterbox,ok,
2025-09-25T21:06:50.010611,verde,C:\Users\cesar\Desktop\projects\NEUROLAP_Vision_Artificial\Videos\training-videos\verde\IMG_8220.MOV,C:\Users\cesar\Desktop\projects\NEUROLAP_Vision_Artificial\Videos\processed-videos\verde\IMG_8220_15fps.mp4,IMG_8220_15fps,29.9959,369,1920,1080,15.0000,184,640,360,12.302,12.267,letterbox,ok,
2025-09-25T21:06:54.925178,verde,C:\Users\cesar\Desktop\projects\NEUROLAP_Vision_Artificial\Videos\training-videos\verde\IMG_8221.MOV,C:\Users\cesar\Desktop\projects\NEUROLAP_Vision_Artificial\Videos\processed-videos\verde\IMG_8221_15fps.mp4,IMG_8221_15fps,29.9937,474,1920,1080,15.0000,237,640,360,15.803,15.800,letterbox,ok,
2025-09-25T21:07:06.465605,verde,C:\Users\cesar\Desktop\projects\NEUROLAP_Vision_Artificial\Videos\training-videos\verde\IMG_8228.MOV,C:\Users\cesar\Desktop\projects\NEUROLAP_Vision_Artificial\Videos\processed-videos\verde\IMG_8228_15fps.mp4,IMG_8228_15fps,29.9946,1114,1920,1080,15.0000,557,640,360,37.140,37.133,letterbox,ok,
2025-09-25T21:07:19.708441,verde,C:\Users\cesar\Desktop\projects\NEUROLAP_Vision_Artificial\Videos\training-videos\verde\IMG_8229.MOV,C:\Users\cesar\Desktop\projects\NEUROLAP_Vision_Artificial\Videos\processed-videos\verde\IMG_8229_15fps.mp4,IMG_8229_15fps,29.9949,1187,1920,1080,15.0000,593,640,360,39.573,39.533,letterbox,ok,
2025-09-25T21:07:32.115504,verde,C:\Users\cesar\Desktop\projects\NEUROLAP_Vision_Artificial\Videos\training-videos\verde\IMG_8230.MOV,C:\Users\cesar\Desktop\projects\NEUROLAP_Vision_Artificial\Videos\processed-videos\verde\IMG_8230_15fps.mp4,IMG_8230_15fps,29.9938,971,1920,1080,15.0000,485,640,360,32.373,32.333,letterbox,ok,
2025-09-25T21:07:41.537894,verde,C:\Users\cesar\Desktop\projects\NEUROLAP_Vision_Artificial\Videos\training-videos\verde\IMG_8231.MOV,C:\Users\cesar\Desktop\projects\NEUROLAP_Vision_Artificial\Videos\processed-videos\verde\IMG_8231_15fps.mp4,IMG_8231_15fps,29.9940,751,1920,1080,15.0000,375,640,360,25.038,25.000,letterbox,ok,
2025-09-25T21:07:50.613610,verde,C:\Users\cesar\Desktop\projects\NEUROLAP_Vision_Artificial\Videos\training-videos\verde\IMG_8232.MOV,C:\Users\cesar\Desktop\projects\NEUROLAP_Vision_Artificial\Videos\processed-videos\verde\IMG_8232_15fps.mp4,IMG_8232_15fps,29.9934,677,1920,1080,15.0000,338,640,360,22.572,22.533,letterbox,ok,
2025-09-25T21:07:58.552717,verde,C:\Users\cesar\Desktop\projects\NEUROLAP_Vision_Artificial\Videos\training-videos\verde\IMG_8233.MOV,C:\Users\cesar\Desktop\projects\NEUROLAP_Vision_Artificial\Videos\processed-videos\verde\IMG_8233_15fps.mp4,IMG_8233_15fps,29.9949,583,1920,1080,15.0000,291,640,360,19.437,19.400,letterbox,ok,
2025-09-25T21:08:10.942331,verde,C:\Users\cesar\Desktop\projects\NEUROLAP_Vision_Artificial\Videos\training-videos\verde\IMG_8239.MOV,C:\Users\cesar\Desktop\projects\NEUROLAP_Vision_Artificial\Videos\processed-videos\verde\IMG_8239_15fps.mp4,IMG_8239_15fps,29.9951,911,1920,1080,15.0000,455,640,360,30.372,30.333,letterbox,ok,
2025-09-25T21:08:21.107451,verde,C:\Users\cesar\Desktop\projects\NEUROLAP_Vision_Artificial\Videos\training-videos\verde\IMG_8240.MOV,C:\Users\cesar\Desktop\projects\NEUROLAP_Vision_Artificial\Videos\processed-videos\verde\IMG_8240_15fps.mp4,IMG_8240_15fps,29.9942,773,1920,1080,15.0000,386,640,360,25.772,25.733,letterbox,ok,
2025-09-25T21:08:33.765374,verde,C:\Users\cesar\Desktop\projects\NEUROLAP_Vision_Artificial\Videos\training-videos\verde\IMG_8241.MOV,C:\Users\cesar\Desktop\projects\NEUROLAP_Vision_Artificial\Videos\processed-videos\verde\IMG_8241_15fps.mp4,IMG_8241_15fps,29.8622,964,1920,1080,15.0000,484,640,360,32.282,32.267,letterbox,ok,
2025-09-25T21:08:43.491315,verde,C:\Users\cesar\Desktop\projects\NEUROLAP_Vision_Artificial\Videos\training-videos\verde\IMG_8307.MOV,C:\Users\cesar\Desktop\projects\NEUROLAP_Vision_Artificial\Videos\processed-videos\verde\IMG_8307_15fps.mp4,IMG_8307_15fps,29.9939,733,1920,1080,15.0000,366,640,360,24.438,24.400,letterbox,ok,
2025-09-25T21:08:54.200503,verde,C:\Users\cesar\Desktop\projects\NEUROLAP_Vision_Artificial\Videos\training-videos\verde\IMG_8317.MOV,C:\Users\cesar\Desktop\projects\NEUROLAP_Vision_Artificial\Videos\processed-videos\verde\IMG_8317_15fps.mp4,IMG_8317_15fps,29.9946,839,1920,1080,15.0000,419,640,360,27.972,27.933,letterbox,ok,
2025-09-25T21:09:03.928336,verde,C:\Users\cesar\Desktop\projects\NEUROLAP_Vision_Artificial\Videos\training-videos\verde\IMG_8318.MOV,C:\Users\cesar\Desktop\projects\NEUROLAP_Vision_Artificial\Videos\processed-videos\verde\IMG_8318_15fps.mp4,IMG_8318_15fps,29.9941,761,1920,1080,15.0000,380,640,360,25.372,25.333,letterbox,ok,
2025-09-25T21:09:14.931655,verde,C:\Users\cesar\Desktop\projects\NEUROLAP_Vision_Artificial\Videos\training-videos\verde\IMG_8320.MOV,C:\Users\cesar\Desktop\projects\NEUROLAP_Vision_Artificial\Videos\processed-videos\verde\IMG_8320_15fps.mp4,IMG_8320_15fps,29.9949,886,1920,1080,15.0000,443,640,360,29.538,29.533,letterbox,ok,
2025-09-25T21:09:24.674352,verde,C:\Users\cesar\Desktop\projects\NEUROLAP_Vision_Artificial\Videos\training-videos\verde\IMG_8321.MOV,C:\Users\cesar\Desktop\projects\NEUROLAP_Vision_Artificial\Videos\processed-videos\verde\IMG_8321_15fps.mp4,IMG_8321_15fps,29.9940,751,1920,1080,15.0000,375,640,360,25.038,25.000,letterbox,ok,
2025-09-25T21:09:38.603406,verde,C:\Users\cesar\Desktop\projects\NEUROLAP_Vision_Artificial\Videos\training-videos\verde\IMG_8322.MOV,C:\Users\cesar\Desktop\projects\NEUROLAP_Vision_Artificial\Videos\processed-videos\verde\IMG_8322_15fps.mp4,IMG_8322_15fps,29.9940,1243,1920,1080,15.0000,621,640,360,41.442,41.400,letterbox,ok,
2025-09-25T21:09:49.455302,verde,C:\Users\cesar\Desktop\projects\NEUROLAP_Vision_Artificial\Videos\training-videos\verde\IMG_8323.MOV,C:\Users\cesar\Desktop\projects\NEUROLAP_Vision_Artificial\Videos\processed-videos\verde\IMG_8323_15fps.mp4,IMG_8323_15fps,29.9945,1085,1920,1080,15.0000,542,640,360,36.173,36.133,letterbox,ok,
2025-09-25T21:10:02.612221,verde,C:\Users\cesar\Desktop\projects\NEUROLAP_Vision_Artificial\Videos\training-videos\verde\IMG_8324.MOV,C:\Users\cesar\Desktop\projects\NEUROLAP_Vision_Artificial\Videos\processed-videos\verde\IMG_8324_15fps.mp4,IMG_8324_15fps,29.9942,1303,1920,1080,15.0000,651,640,360,43.442,43.400,letterbox,ok,
2025-09-25T21:10:14.940507,verde,C:\Users\cesar\Desktop\projects\NEUROLAP_Vision_Artificial\Videos\training-videos\verde\IMG_8350.MOV,C:\Users\cesar\Desktop\projects\NEUROLAP_Vision_Artificial\Videos\processed-videos\verde\IMG_8350_15fps.mp4,IMG_8350_15fps,29.9938,1212,1920,1080,15.0000,606,640,360,40.408,40.400,letterbox,ok,
2025-09-25T21:10:24.690762,verde,C:\Users\cesar\Desktop\projects\NEUROLAP_Vision_Artificial\Videos\training-videos\verde\IMG_8351.MOV,C:\Users\cesar\Desktop\projects\NEUROLAP_Vision_Artificial\Videos\processed-videos\verde\IMG_8351_15fps.mp4,IMG_8351_15fps,29.9937,948,1920,1080,15.0000,474,640,360,31.607,31.600,letterbox,ok,
2025-09-25T21:10:37.638773,verde,C:\Users\cesar\Desktop\projects\NEUROLAP_Vision_Artificial\Videos\training-videos\verde\IMG_8352.MOV,C:\Users\cesar\Desktop\projects\NEUROLAP_Vision_Artificial\Videos\processed-videos\verde\IMG_8352_15fps.mp4,IMG_8352_15fps,29.9942,1290,1920,1080,15.0000,645,640,360,43.008,43.000,letterbox,ok,
2025-09-25T21:10:44.439358,verde,C:\Users\cesar\Desktop\projects\NEUROLAP_Vision_Artificial\Videos\training-videos\verde\IMG_8353.MOV,C:\Users\cesar\Desktop\projects\NEUROLAP_Vision_Artificial\Videos\processed-videos\verde\IMG_8353_15fps.mp4,IMG_8353_15fps,29.9952,625,1920,1080,15.0000,312,640,360,20.837,20.800,letterbox,ok,
2025-09-25T21:10:52.179440,verde,C:\Users\cesar\Desktop\projects\NEUROLAP_Vision_Artificial\Videos\training-videos\verde\IMG_8354.MOV,C:\Users\cesar\Desktop\projects\NEUROLAP_Vision_Artificial\Videos\processed-videos\verde\IMG_8354_15fps.mp4,IMG_8354_15fps,29.9952,626,1920,1080,15.0000,313,640,360,20.870,20.867,letterbox,ok,
2025-09-25T21:11:00.763773,verde,C:\Users\cesar\Desktop\projects\NEUROLAP_Vision_Artificial\Videos\training-videos\verde\IMG_8357.MOV,C:\Users\cesar\Desktop\projects\NEUROLAP_Vision_Artificial\Videos\processed-videos\verde\IMG_8357_15fps.mp4,IMG_8357_15fps,29.9935,692,1920,1080,15.0000,346,640,360,23.072,23.067,letterbox,ok,
2025-09-25T21:11:07.409251,verde,C:\Users\cesar\Desktop\projects\NEUROLAP_Vision_Artificial\Videos\training-videos\verde\IMG_8358.MOV,C:\Users\cesar\Desktop\projects\NEUROLAP_Vision_Artificial\Videos\processed-videos\verde\IMG_8358_15fps.mp4,IMG_8358_15fps,29.9944,532,1920,1080,15.0000,266,640,360,17.737,17.733,letterbox,ok,
2025-09-25T21:11:14.320052,verde,C:\Users\cesar\Desktop\projects\NEUROLAP_Vision_Artificial\Videos\training-videos\verde\IMG_8359.MOV,C:\Users\cesar\Desktop\projects\NEUROLAP_Vision_Artificial\Videos\processed-videos\verde\IMG_8359_15fps.mp4,IMG_8359_15fps,29.9945,548,1920,1080,15.0000,274,640,360,18.270,18.267,letterbox,ok,
2025-09-25T21:11:25.277679,verde,C:\Users\cesar\Desktop\projects\NEUROLAP_Vision_Artificial\Videos\training-videos\verde\IMG_8366.MOV,C:\Users\cesar\Desktop\projects\NEUROLAP_Vision_Artificial\Videos\processed-videos\verde\IMG_8366_15fps.mp4,IMG_8366_15fps,29.9949,875,1920,1080,15.0000,437,640,360,29.172,29.133,letterbox,ok,
2025-09-25T21:11:35.276526,verde,C:\Users\cesar\Desktop\projects\NEUROLAP_Vision_Artificial\Videos\training-videos\verde\IMG_8367.MOV,C:\Users\cesar\Desktop\projects\NEUROLAP_Vision_Artificial\Videos\processed-videos\verde\IMG_8367_15fps.mp4,IMG_8367_15fps,29.9943,795,1920,1080,15.0000,397,640,360,26.505,26.467,letterbox,ok,
2025-09-25T21:11:43.200536,verde,C:\Users\cesar\Desktop\projects\NEUROLAP_Vision_Artificial\Videos\training-videos\verde\IMG_8369.MOV,C:\Users\cesar\Desktop\projects\NEUROLAP_Vision_Artificial\Videos\processed-videos\verde\IMG_8369_15fps.mp4,IMG_8369_15fps,29.9952,628,1920,1080,15.0000,314,640,360,20.937,20.933,letterbox,ok,
2025-09-25T21:11:51.173735,verde,C:\Users\cesar\Desktop\projects\NEUROLAP_Vision_Artificial\Videos\training-videos\verde\IMG_8385.MOV,C:\Users\cesar\Desktop\projects\NEUROLAP_Vision_Artificial\Videos\processed-videos\verde\IMG_8385_15fps.mp4,IMG_8385_15fps,29.9936,705,1920,1080,15.0000,352,640,360,23.505,23.467,letterbox,ok,
2025-09-25T21:11:58.321304,verde,C:\Users\cesar\Desktop\projects\NEUROLAP_Vision_Artificial\Videos\training-videos\verde\IMG_8386.MOV,C:\Users\cesar\Desktop\projects\NEUROLAP_Vision_Artificial\Videos\processed-videos\verde\IMG_8386_15fps.mp4,IMG_8386_15fps,29.9936,707,1920,1080,15.0000,353,640,360,23.572,23.533,letterbox,ok,
2025-09-25T21:12:02.594453,verde,C:\Users\cesar\Desktop\projects\NEUROLAP_Vision_Artificial\Videos\training-videos\verde\IMG_8388.MOV,C:\Users\cesar\Desktop\projects\NEUROLAP_Vision_Artificial\Videos\processed-videos\verde\IMG_8388_15fps.mp4,IMG_8388_15fps,29.9928,415,1920,1080,15.0000,207,640,360,13.837,13.800,letterbox,ok,
2025-09-25T21:12:09.144071,verde,C:\Users\cesar\Desktop\projects\NEUROLAP_Vision_Artificial\Videos\training-videos\verde\IMG_8389.MOV,C:\Users\cesar\Desktop\projects\NEUROLAP_Vision_Artificial\Videos\processed-videos\verde\IMG_8389_15fps.mp4,IMG_8389_15fps,29.9953,643,1920,1080,15.0000,321,640,360,21.437,21.400,letterbox,ok,
2025-09-25T21:12:16.354453,verde,C:\Users\cesar\Desktop\projects\NEUROLAP_Vision_Artificial\Videos\training-videos\verde\IMG_8401.MOV,C:\Users\cesar\Desktop\projects\NEUROLAP_Vision_Artificial\Videos\processed-videos\verde\IMG_8401_15fps.mp4,IMG_8401_15fps,29.9954,657,1920,1080,15.0000,328,640,360,21.903,21.867,letterbox,ok,
2025-09-25T21:12:23.482434,verde,C:\Users\cesar\Desktop\projects\NEUROLAP_Vision_Artificial\Videos\training-videos\verde\IMG_8402.MOV,C:\Users\cesar\Desktop\projects\NEUROLAP_Vision_Artificial\Videos\processed-videos\verde\IMG_8402_15fps.mp4,IMG_8402_15fps,29.9953,641,1920,1080,15.0000,320,640,360,21.370,21.333,letterbox,ok,
2025-09-25T21:13:05.719669,verde,C:\Users\cesar\Desktop\projects\NEUROLAP_Vision_Artificial\Videos\training-videos\verde\VID_20250820_104012.mp4,C:\Users\cesar\Desktop\projects\NEUROLAP_Vision_Artificial\Videos\processed-videos\verde\VID_20250820_104012_15fps.mp4,VID_20250820_104012_15fps,60.0036,1456,3840,2160,15.0000,363,640,360,24.265,24.200,letterbox,ok,
2025-09-25T21:14:01.821640,verde,C:\Users\cesar\Desktop\projects\NEUROLAP_Vision_Artificial\Videos\training-videos\verde\VID_20250820_104800(1).mp4,C:\Users\cesar\Desktop\projects\NEUROLAP_Vision_Artificial\Videos\processed-videos\verde\VID_20250820_104800(1)_15fps.mp4,VID_20250820_104800(1)_15fps,60.0032,2395,3840,2160,15.0000,598,640,360,39.915,39.867,letterbox,ok,
2025-09-25T21:15:03.930968,verde,C:\Users\cesar\Desktop\projects\NEUROLAP_Vision_Artificial\Videos\training-videos\verde\VID_20250820_104800.mp4,C:\Users\cesar\Desktop\projects\NEUROLAP_Vision_Artificial\Videos\processed-videos\verde\VID_20250820_104800_15fps.mp4,VID_20250820_104800_15fps,60.0032,2395,3840,2160,15.0000,598,640,360,39.915,39.867,letterbox,ok,
2025-09-25T21:15:58.750537,verde,C:\Users\cesar\Desktop\projects\NEUROLAP_Vision_Artificial\Videos\training-videos\verde\VID_20250820_104903(1).mp4,C:\Users\cesar\Desktop\projects\NEUROLAP_Vision_Artificial\Videos\processed-videos\verde\VID_20250820_104903(1)_15fps.mp4,VID_20250820_104903(1)_15fps,60.0032,1828,3840,2160,15.0000,456,640,360,30.465,30.400,letterbox,ok,
2025-09-25T21:16:53.272006,verde,C:\Users\cesar\Desktop\projects\NEUROLAP_Vision_Artificial\Videos\training-videos\verde\VID_20250820_104903.mp4,C:\Users\cesar\Desktop\projects\NEUROLAP_Vision_Artificial\Videos\processed-videos\verde\VID_20250820_104903_15fps.mp4,VID_20250820_104903_15fps,60.0032,1828,3840,2160,15.0000,456,640,360,30.465,30.400,letterbox,ok,
2025-09-25T21:17:24.122160,verde,C:\Users\cesar\Desktop\projects\NEUROLAP_Vision_Artificial\Videos\training-videos\verde\VID_20250820_105321.mp4,C:\Users\cesar\Desktop\projects\NEUROLAP_Vision_Artificial\Videos\processed-videos\verde\VID_20250820_105321_15fps.mp4,VID_20250820_105321_15fps,60.0034,1341,3840,2160,15.0000,335,640,360,22.349,22.333,letterbox,ok,
2025-09-25T21:17:50.575602,verde,C:\Users\cesar\Desktop\projects\NEUROLAP_Vision_Artificial\Videos\training-videos\verde\VID_20250820_105354.mp4,C:\Users\cesar\Desktop\projects\NEUROLAP_Vision_Artificial\Videos\processed-videos\verde\VID_20250820_105354_15fps.mp4,VID_20250820_105354_15fps,60.0037,1081,3840,2160,15.0000,270,640,360,18.016,18.000,letterbox,ok,
2025-09-25T21:18:13.734871,verde,C:\Users\cesar\Desktop\projects\NEUROLAP_Vision_Artificial\Videos\training-videos\verde\VID_20250820_105424.mp4,C:\Users\cesar\Desktop\projects\NEUROLAP_Vision_Artificial\Videos\processed-videos\verde\VID_20250820_105424_15fps.mp4,VID_20250820_105424_15fps,60.0029,1131,3840,2160,15.0000,282,640,360,18.849,18.800,letterbox,ok,
2025-09-25T21:19:01.556003,verde,C:\Users\cesar\Desktop\projects\NEUROLAP_Vision_Artificial\Videos\training-videos\verde\VID_20250820_111744.mp4,C:\Users\cesar\Desktop\projects\NEUROLAP_Vision_Artificial\Videos\processed-videos\verde\VID_20250820_111744_15fps.mp4,VID_20250820_111744_15fps,60.0031,1672,3840,2160,15.0000,417,640,360,27.865,27.800,letterbox,ok,
2025-09-25T21:19:55.807923,verde,C:\Users\cesar\Desktop\projects\NEUROLAP_Vision_Artificial\Videos\training-videos\verde\VID_20250820_111820.mp4,C:\Users\cesar\Desktop\projects\NEUROLAP_Vision_Artificial\Videos\processed-videos\verde\VID_20250820_111820_15fps.mp4,VID_20250820_111820_15fps,60.0028,1860,3840,2160,15.0000,464,640,360,30.999,30.933,letterbox,ok,
2025-09-25T21:20:48.118994,verde,C:\Users\cesar\Desktop\projects\NEUROLAP_Vision_Artificial\Videos\training-videos\verde\VID_20250820_112216.mp4,C:\Users\cesar\Desktop\projects\NEUROLAP_Vision_Artificial\Videos\processed-videos\verde\VID_20250820_112216_15fps.mp4,VID_20250820_112216_15fps,60.0032,2133,3840,2160,15.0000,533,640,360,35.548,35.533,letterbox,ok,
2025-09-25T21:21:20.028920,verde,C:\Users\cesar\Desktop\projects\NEUROLAP_Vision_Artificial\Videos\training-videos\verde\VID_20250820_112254.mp4,C:\Users\cesar\Desktop\projects\NEUROLAP_Vision_Artificial\Videos\processed-videos\verde\VID_20250820_112254_15fps.mp4,VID_20250820_112254_15fps,60.0026,1050,3840,2160,15.0000,262,640,360,17.499,17.467,letterbox,ok,
2025-09-25T21:22:14.618615,verde,C:\Users\cesar\Desktop\projects\NEUROLAP_Vision_Artificial\Videos\training-videos\verde\VID_20250903_101623.mp4,C:\Users\cesar\Desktop\projects\NEUROLAP_Vision_Artificial\Videos\processed-videos\verde\VID_20250903_101623_15fps.mp4,VID_20250903_101623_15fps,60.0030,1809,3840,2160,15.0000,452,640,360,30.148,30.133,letterbox,ok,
2025-09-25T21:23:03.276745,verde,C:\Users\cesar\Desktop\projects\NEUROLAP_Vision_Artificial\Videos\training-videos\verde\VID_20250903_101658.mp4,C:\Users\cesar\Desktop\projects\NEUROLAP_Vision_Artificial\Videos\processed-videos\verde\VID_20250903_101658_15fps.mp4,VID_20250903_101658_15fps,60.0032,1608,3840,2160,15.0000,401,640,360,26.799,26.733,letterbox,ok,
2025-09-25T21:24:07.315854,verde,C:\Users\cesar\Desktop\projects\NEUROLAP_Vision_Artificial\Videos\training-videos\verde\VID_20250903_101949.mp4,C:\Users\cesar\Desktop\projects\NEUROLAP_Vision_Artificial\Videos\processed-videos\verde\VID_20250903_101949_15fps.mp4,VID_20250903_101949_15fps,60.0032,2052,3840,2160,15.0000,512,640,360,34.198,34.133,letterbox,ok,
2025-09-25T21:24:43.856059,verde,C:\Users\cesar\Desktop\projects\NEUROLAP_Vision_Artificial\Videos\training-videos\verde\VID_20250903_102033.mp4,C:\Users\cesar\Desktop\projects\NEUROLAP_Vision_Artificial\Videos\processed-videos\verde\VID_20250903_102033_15fps.mp4,VID_20250903_102033_15fps,60.0033,1187,3840,2160,15.0000,296,640,360,19.782,19.733,letterbox,ok,
2025-09-25T21:25:28.453293,verde,C:\Users\cesar\Desktop\projects\NEUROLAP_Vision_Artificial\Videos\training-videos\verde\VID_20250903_102058.mp4,C:\Users\cesar\Desktop\projects\NEUROLAP_Vision_Artificial\Videos\processed-videos\verde\VID_20250903_102058_15fps.mp4,VID_20250903_102058_15fps,60.0030,1383,3840,2160,15.0000,345,640,360,23.049,23.000,letterbox,ok,
2025-09-25T21:26:09.974543,verde,C:\Users\cesar\Desktop\projects\NEUROLAP_Vision_Artificial\Videos\training-videos\verde\VID_20250903_103022.mp4,C:\Users\cesar\Desktop\projects\NEUROLAP_Vision_Artificial\Videos\processed-videos\verde\VID_20250903_103022_15fps.mp4,VID_20250903_103022_15fps,60.0034,1319,3840,2160,15.0000,329,640,360,21.982,21.933,letterbox,ok,
2025-09-25T21:26:46.805882,verde,C:\Users\cesar\Desktop\projects\NEUROLAP_Vision_Artificial\Videos\training-videos\verde\VID_20250903_103052.mp4,C:\Users\cesar\Desktop\projects\NEUROLAP_Vision_Artificial\Videos\processed-videos\verde\VID_20250903_103052_15fps.mp4,VID_20250903_103052_15fps,60.0028,1153,3840,2160,15.0000,288,640,360,19.216,19.200,letterbox,ok,
2025-09-25T21:27:11.234431,verde,C:\Users\cesar\Desktop\projects\NEUROLAP_Vision_Artificial\Videos\training-videos\verde\VID_20250903_103119.mp4,C:\Users\cesar\Desktop\projects\NEUROLAP_Vision_Artificial\Videos\processed-videos\verde\VID_20250903_103119_15fps.mp4,VID_20250903_103119_15fps,60.0033,1093,3840,2160,15.0000,273,640,360,18.216,18.200,letterbox,ok,
2025-09-25T21:27:42.692275,verde,C:\Users\cesar\Desktop\projects\NEUROLAP_Vision_Artificial\Videos\training-videos\verde\VID_20250903_103749.mp4,C:\Users\cesar\Desktop\projects\NEUROLAP_Vision_Artificial\Videos\processed-videos\verde\VID_20250903_103749_15fps.mp4,VID_20250903_103749_15fps,60.0029,1470,3840,2160,15.0000,367,640,360,24.499,24.467,letterbox,ok,
2025-09-25T21:28:03.221068,verde,C:\Users\cesar\Desktop\projects\NEUROLAP_Vision_Artificial\Videos\training-videos\verde\VID_20250903_103821.mp4,C:\Users\cesar\Desktop\projects\NEUROLAP_Vision_Artificial\Videos\processed-videos\verde\VID_20250903_103821_15fps.mp4,VID_20250903_103821_15fps,60.0029,1082,3840,2160,15.0000,270,640,360,18.032,18.000,letterbox,ok,
2025-09-25T21:28:21.691011,verde,C:\Users\cesar\Desktop\projects\NEUROLAP_Vision_Artificial\Videos\training-videos\verde\VID_20250903_103846.mp4,C:\Users\cesar\Desktop\projects\NEUROLAP_Vision_Artificial\Videos\processed-videos\verde\VID_20250903_103846_15fps.mp4,VID_20250903_103846_15fps,60.0030,957,3840,2160,15.0000,239,640,360,15.949,15.933,letterbox,ok,
2025-09-25T21:29:05.628229,verde,C:\Users\cesar\Desktop\projects\NEUROLAP_Vision_Artificial\Videos\training-videos\verde\VID_20250904_102907.mp4,C:\Users\cesar\Desktop\projects\NEUROLAP_Vision_Artificial\Videos\processed-videos\verde\VID_20250904_102907_15fps.mp4,VID_20250904_102907_15fps,60.0029,2138,3840,2160,15.0000,534,640,360,35.632,35.600,letterbox,ok,
2025-09-25T21:29:40.445872,verde,C:\Users\cesar\Desktop\projects\NEUROLAP_Vision_Artificial\Videos\training-videos\verde\VID_20250904_102952.mp4,C:\Users\cesar\Desktop\projects\NEUROLAP_Vision_Artificial\Videos\processed-videos\verde\VID_20250904_102952_15fps.mp4,VID_20250904_102952_15fps,60.0036,1594,3840,2160,15.0000,398,640,360,26.565,26.533,letterbox,ok,
2025-09-25T21:30:32.478038,verde,C:\Users\cesar\Desktop\projects\NEUROLAP_Vision_Artificial\Videos\training-videos\verde\VID_20250904_103028.mp4,C:\Users\cesar\Desktop\projects\NEUROLAP_Vision_Artificial\Videos\processed-videos\verde\VID_20250904_103028_15fps.mp4,VID_20250904_103028_15fps,60.0036,2174,3840,2160,15.0000,543,640,360,36.231,36.200,letterbox,ok,
2025-09-25T21:31:08.630061,verde,C:\Users\cesar\Desktop\projects\NEUROLAP_Vision_Artificial\Videos\training-videos\verde\VID_20250904_103759.mp4,C:\Users\cesar\Desktop\projects\NEUROLAP_Vision_Artificial\Videos\processed-videos\verde\VID_20250904_103759_15fps.mp4,VID_20250904_103759_15fps,60.0030,1625,3840,2160,15.0000,406,640,360,27.082,27.067,letterbox,ok,
2025-09-25T21:31:47.788112,verde,C:\Users\cesar\Desktop\projects\NEUROLAP_Vision_Artificial\Videos\training-videos\verde\VID_20250904_103832.mp4,C:\Users\cesar\Desktop\projects\NEUROLAP_Vision_Artificial\Videos\processed-videos\verde\VID_20250904_103832_15fps.mp4,VID_20250904_103832_15fps,60.0033,1339,3840,2160,15.0000,334,640,360,22.315,22.267,letterbox,ok,
2025-09-25T21:32:18.309426,verde,C:\Users\cesar\Desktop\projects\NEUROLAP_Vision_Artificial\Videos\training-videos\verde\VID_20250904_105437.mp4,C:\Users\cesar\Desktop\projects\NEUROLAP_Vision_Artificial\Videos\processed-videos\verde\VID_20250904_105437_15fps.mp4,VID_20250904_105437_15fps,60.0030,1787,3840,2160,15.0000,446,640,360,29.782,29.733,letterbox,ok,
2025-09-25T21:32:42.981337,verde,C:\Users\cesar\Desktop\projects\NEUROLAP_Vision_Artificial\Videos\training-videos\verde\VID_20250904_105515.mp4,C:\Users\cesar\Desktop\projects\NEUROLAP_Vision_Artificial\Videos\processed-videos\verde\VID_20250904_105515_15fps.mp4,VID_20250904_105515_15fps,60.0031,1565,3840,2160,15.0000,391,640,360,26.082,26.067,letterbox,ok,
2025-09-25T21:33:01.312745,verde,C:\Users\cesar\Desktop\projects\NEUROLAP_Vision_Artificial\Videos\training-videos\verde\VID_20250904_110205.mp4,C:\Users\cesar\Desktop\projects\NEUROLAP_Vision_Artificial\Videos\processed-videos\verde\VID_20250904_110205_15fps.mp4,VID_20250904_110205_15fps,60.0031,1371,3840,2160,15.0000,342,640,360,22.849,22.800,letterbox,ok,
2025-09-25T21:33:16.820724,verde,C:\Users\cesar\Desktop\projects\NEUROLAP_Vision_Artificial\Videos\training-videos\verde\VID_20250904_110305.mp4,C:\Users\cesar\Desktop\projects\NEUROLAP_Vision_Artificial\Videos\processed-videos\verde\VID_20250904_110305_15fps.mp4,VID_20250904_110305_15fps,60.0031,1234,3840,2160,15.0000,308,640,360,20.566,20.533,letterbox,ok,
2025-09-25T21:33:49.313666,verde,C:\Users\cesar\Desktop\projects\NEUROLAP_Vision_Artificial\Videos\training-videos\verde\VID_20250904_110849.mp4,C:\Users\cesar\Desktop\projects\NEUROLAP_Vision_Artificial\Videos\processed-videos\verde\VID_20250904_110849_15fps.mp4,VID_20250904_110849_15fps,60.0035,2149,3840,2160,15.0000,537,640,360,35.815,35.800,letterbox,ok,
2025-09-25T21:34:12.196395,verde,C:\Users\cesar\Desktop\projects\NEUROLAP_Vision_Artificial\Videos\training-videos\verde\VID_20250904_110935.mp4,C:\Users\cesar\Desktop\projects\NEUROLAP_Vision_Artificial\Videos\processed-videos\verde\VID_20250904_110935_15fps.mp4,VID_20250904_110935_15fps,60.0028,1437,3840,2160,15.0000,359,640,360,23.949,23.933,letterbox,ok,
2025-09-25T21:34:37.423708,verde,C:\Users\cesar\Desktop\projects\NEUROLAP_Vision_Artificial\Videos\training-videos\verde\VID_20250904_111005.mp4,C:\Users\cesar\Desktop\projects\NEUROLAP_Vision_Artificial\Videos\processed-videos\verde\VID_20250904_111005_15fps.mp4,VID_20250904_111005_15fps,60.0033,1316,3840,2160,15.0000,328,640,360,21.932,21.867,letterbox,ok,
